book,seeing_ref,seeing_terms,seeing_lemmas,taking_ref,taking_terms,taking_lemmas,verse_distance,tier,has_desire,desire_in_span,nasa_lift_eyes_idiom,category
Genesis,Genesis 2:19,ra'ah רָאָה [לִ/רְא֖וֹת],7200,Genesis 2:15,laqach לָקַח [וַ/יִּקַּ֛ח],3947,4,3,False,,False,
Genesis,Genesis 2:19,ra'ah רָאָה [לִ/רְא֖וֹת],7200,Genesis 2:21,laqach לָקַח [וַ/יִּקַּ֗ח],3947,2,2,False,,False,
Genesis,Genesis 2:19,ra'ah רָאָה [לִ/רְא֖וֹת],7200,Genesis 2:22,laqach לָקַח [לָקַ֥ח],3947,3,3,False,,False,
Genesis,Genesis 2:19,ra'ah רָאָה [לִ/רְא֖וֹת],7200,Genesis 2:23,laqach לָקַח [לֻֽקֳחָה],3947,4,3,False,,False,
Genesis,Genesis 3:6,ra'ah רָאָה [וַ/תֵּ֣רֶא],7200,Genesis 3:6,laqach לָקַח [וַ/תִּקַּ֥ח],3947,0,1,True,ta'avah תַּאֲוָה (Genesis 3:6) | chamad חָמַד (Genesis 3:6),False,
Genesis,Genesis 4:4,sha'ah שָׁעָה [וַ/יִּ֣שַׁע],8159,Genesis 3:23,laqach לָקַח [לֻקַּ֖ח],3947,5,3,False,,False,
Genesis,Genesis 6:2,ra'ah רָאָה [וַ/יִּרְא֤וּ],7200,Genesis 6:2,laqach לָקַח [וַ/יִּקְח֤וּ],3947,0,1,False,,False,
Genesis,Genesis 6:5,ra'ah רָאָה [וַ/יַּ֣רְא],7200,Genesis 6:2,laqach לָקַח [וַ/יִּקְח֤וּ],3947,3,3,False,,False,
Genesis,Genesis 7:1,ra'ah רָאָה [רָאִ֛יתִי],7200,Genesis 6:21,laqach לָקַח [קַח],3947,2,2,False,,False,
Genesis,Genesis 7:1,ra'ah רָאָה [רָאִ֛יתִי],7200,Genesis 7:2,laqach לָקַח [תִּֽקַּח],3947,1,2,False,,False,
Genesis,Genesis 8:5,ra'ah רָאָה [נִרְא֖וּ],7200,Genesis 8:9,laqach לָקַח [וַ/יִּקָּחֶ֔/הָ],3947,4,3,False,,False,
Genesis,Genesis 8:8,ra'ah רָאָה [לִ/רְאוֹת֙],7200,Genesis 8:9,laqach לָקַח [וַ/יִּקָּחֶ֔/הָ],3947,1,2,False,,False,
Genesis,Genesis 8:13,ra'ah רָאָה [וַ/יַּ֕רְא],7200,Genesis 8:9,laqach לָקַח [וַ/יִּקָּחֶ֔/הָ],3947,4,3,False,,False,
Genesis,Genesis 9:22,ra'ah רָאָה [וַ/יַּ֗רְא],7200,Genesis 9:23,laqach לָקַח [וַ/יִּקַּח֩],3947,1,2,False,,False,
Genesis,Genesis 9:23,ra'ah רָאָה [רָאֽוּ],7200,Genesis 9:23,laqach לָקַח [וַ/יִּקַּח֩],3947,0,1,False,,False,
Genesis,Genesis 12:1,ra'ah רָאָה [אַרְאֶֽ/ךָּ],7200,Genesis 11:29,laqach לָקַח [וַ/יִּקַּ֨ח],3947,4,3,False,,False,
Genesis,Genesis 12:1,ra'ah רָאָה [אַרְאֶֽ/ךָּ],7200,Genesis 11:31,laqach לָקַח [וַ/יִּקַּ֨ח],3947,2,2,False,,False,
Genesis,Genesis 12:1,ra'ah רָאָה [אַרְאֶֽ/ךָּ],7200,Genesis 12:5,laqach לָקַח [וַ/יִּקַּ֣ח],3947,4,3,False,,False,
Genesis,Genesis 12:7,ra'ah רָאָה [וַ/יֵּרָ֤א]; ra'ah רָאָה [הַ/נִּרְאֶ֥ה],"7200,7200",Genesis 12:5,laqach לָקַח [וַ/יִּקַּ֣ח],3947,2,2,False,,False,
Genesis,Genesis 12:12,ra'ah רָאָה [יִרְא֤וּ],7200,Genesis 12:15,laqach לָקַח [וַ/תֻּקַּ֥ח],3947,3,3,False,,False,
Genesis,Genesis 12:14,ra'ah רָאָה [וַ/יִּרְא֤וּ],7200,Genesis 12:15,laqach לָקַח [וַ/תֻּקַּ֥ח],3947,1,2,False,,False,
Genesis,Genesis 12:14,ra'ah רָאָה [וַ/יִּרְא֤וּ],7200,Genesis 12:19,laqach לָקַח [וָ/אֶקַּ֥ח]; laqach לָקַח [קַ֥ח],"3947,3947",5,3,False,,False,
Genesis,Genesis 12:15,ra'ah רָאָה [וַ/יִּרְא֤וּ],7200,Genesis 12:15,laqach לָקַח [וַ/תֻּקַּ֥ח],3947,0,1,False,,False,
Genesis,Genesis 12:15,ra'ah רָאָה [וַ/יִּרְא֤וּ],7200,Genesis 12:19,laqach לָקַח [וָ/אֶקַּ֥ח]; laqach לָקַח [קַ֥ח],"3947,3947",4,3,False,,False,
Genesis,Genesis 13:10,ra'ah רָאָה [וַ/יַּרְא֙],7200,Genesis 13:6,nasa נָשָׂא [נָשָׂ֥א],5375,4,3,False,,False,
Genesis,Genesis 13:10,ra'ah רָאָה [וַ/יַּרְא֙],7200,Genesis 13:10,nasa נָשָׂא [וַ/יִּשָּׂא],5375,0,1,False,,True,
Genesis,Genesis 13:14,ra'ah רָאָה [וּ/רְאֵ֔ה],7200,Genesis 13:10,nasa נָשָׂא [וַ/יִּשָּׂא],5375,4,3,False,,True,
Genesis,Genesis 13:15,ra'ah רָאָה [רֹאֶ֖ה],7200,Genesis 13:10,nasa נָשָׂא [וַ/יִּשָּׂא],5375,5,3,False,,True,
Genesis,Genesis 13:10,ra'ah רָאָה [וַ/יַּרְא֙],7200,Genesis 13:14,nasa נָשָׂא [שָׂ֣א],5375,4,3,False,,True,
Genesis,Genesis 13:14,ra'ah רָאָה [וּ/רְאֵ֔ה],7200,Genesis 13:14,nasa נָשָׂא [שָׂ֣א],5375,0,1,False,,True,
Genesis,Genesis 13:15,ra'ah רָאָה [רֹאֶ֖ה],7200,Genesis 13:14,nasa נָשָׂא [שָׂ֣א],5375,1,2,False,,True,
Genesis,Genesis 15:5,nabat נָבַט [הַבֶּט],5027,Genesis 14:24,laqach לָקַח [יִקְח֥וּ],3947,5,3,False,,False,
Genesis,Genesis 15:5,nabat נָבַט [הַבֶּט],5027,Genesis 15:9,laqach לָקַח [קְחָ֥/ה],3947,4,3,False,,False,
Genesis,Genesis 15:5,nabat נָבַט [הַבֶּט],5027,Genesis 15:10,laqach לָקַח [וַ/יִּֽקַּֽח],3947,5,3,False,,False,
Genesis,Genesis 16:4,ra'ah רָאָה [וַ/תֵּ֨רֶא֙],7200,Genesis 16:3,laqach לָקַח [וַ/תִּקַּ֞ח],3947,1,2,False,,False,
Genesis,Genesis 16:5,ra'ah רָאָה [וַ/תֵּ֨רֶא֙],7200,Genesis 16:3,laqach לָקַח [וַ/תִּקַּ֞ח],3947,2,2,False,,False,
Genesis,Genesis 18:1,ra'ah רָאָה [וַ/יֵּרָ֤א],7200,Genesis 17:23,laqach לָקַח [וַ/יִּקַּ֨ח],3947,5,3,False,,False,
Genesis,Genesis 18:1,ra'ah רָאָה [וַ/יֵּרָ֤א],7200,Genesis 18:2,nasa נָשָׂא [וַ/יִּשָּׂ֤א],5375,1,2,False,,True,
Genesis,Genesis 18:1,ra'ah רָאָה [וַ/יֵּרָ֤א],7200,Genesis 18:4,laqach לָקַח [יֻקַּֽח],3947,3,3,False,,False,
Genesis,Genesis 18:1,ra'ah רָאָה [וַ/יֵּרָ֤א],7200,Genesis 18:5,laqach לָקַח [וְ/אֶקְחָ֨ה],3947,4,3,False,,False,
Genesis,Genesis 18:2,ra'ah רָאָה [וַ/יַּ֔רְא]; ra'ah רָאָה [וַ/יַּ֗רְא],"7200,7200",Genesis 18:2,nasa נָשָׂא [וַ/יִּשָּׂ֤א],5375,0,1,False,,True,
Genesis,Genesis 18:2,ra'ah רָאָה [וַ/יַּ֔רְא]; ra'ah רָאָה [וַ/יַּ֗רְא],"7200,7200",Genesis 18:4,laqach לָקַח [יֻקַּֽח],3947,2,2,False,,False,
Genesis,Genesis 18:2,ra'ah רָאָה [וַ/יַּ֔רְא]; ra'ah רָאָה [וַ/יַּ֗רְא],"7200,7200",Genesis 18:5,laqach לָקַח [וְ/אֶקְחָ֨ה],3947,3,3,False,,False,
Genesis,Genesis 18:2,ra'ah רָאָה [וַ/יַּ֔רְא]; ra'ah רָאָה [וַ/יַּ֗רְא],"7200,7200",Genesis 18:7,laqach לָקַח [וַ/יִּקַּ֨ח],3947,5,3,False,,False,
Genesis,Genesis 18:21,ra'ah רָאָה [וְ/אֶרְאֶ֔ה],7200,Genesis 18:24,nasa נָשָׂא [תִשָּׂ֣א],5375,3,3,False,,False,
Genesis,Genesis 18:21,ra'ah רָאָה [וְ/אֶרְאֶ֔ה],7200,Genesis 18:26,nasa נָשָׂא [וְ/נָשָׂ֥אתִי],5375,5,3,False,,False,
Genesis,Genesis 19:17,nabat נָבַט [תַּבִּ֣יט],5027,Genesis 19:14,laqach לָקַח [לֹקְחֵ֣י],3947,3,3,False,,False,
Genesis,Genesis 19:17,nabat נָבַט [תַּבִּ֣יט],5027,Genesis 19:15,laqach לָקַח [קַ֨ח],3947,2,2,False,,False,
Genesis,Genesis 19:17,nabat נָבַט [תַּבִּ֣יט],5027,Genesis 19:21,nasa נָשָׂא [נָשָׂ֣אתִי],5375,4,3,False,,False,
Genesis,Genesis 19:26,nabat נָבַט [וַ/תַּבֵּ֥ט],5027,Genesis 19:21,nasa נָשָׂא [נָשָׂ֣אתִי],5375,5,3,False,,False,
Genesis,Genesis 20:10,ra'ah רָאָה [רָאִ֔יתָ],7200,Genesis 20:14,laqach לָקַח [וַ/יִּקַּ֨ח],3947,4,3,False,,False,
Genesis,Genesis 21:9,ra'ah רָאָה [וַ/תֵּ֨רֶא],7200,Genesis 21:14,laqach לָקַח [וַ/יִּֽקַּֽח],3947,5,3,False,,False,
Genesis,Genesis 21:16,ra'ah רָאָה [אֶרְאֶ֖ה],7200,Genesis 21:14,laqach לָקַח [וַ/יִּֽקַּֽח],3947,2,2,False,,False,
Genesis,Genesis 21:19,ra'ah רָאָה [וַ/תֵּ֖רֶא],7200,Genesis 21:14,laqach לָקַח [וַ/יִּֽקַּֽח],3947,5,3,False,,False,
Genesis,Genesis 21:16,ra'ah רָאָה [אֶרְאֶ֖ה],7200,Genesis 21:16,nasa נָשָׂא [וַ/תִּשָּׂ֥א],5375,0,1,False,,False,
Genesis,Genesis 21:19,ra'ah רָאָה [וַ/תֵּ֖רֶא],7200,Genesis 21:16,nasa נָשָׂא [וַ/תִּשָּׂ֥א],5375,3,3,False,,False,
Genesis,Genesis 21:16,ra'ah רָאָה [אֶרְאֶ֖ה],7200,Genesis 21:18,nasa נָשָׂא [שְׂאִ֣י],5375,2,2,False,,False,
Genesis,Genesis 21:16,ra'ah רָאָה [אֶרְאֶ֖ה],7200,Genesis 21:21,laqach לָקַח [וַ/תִּֽקַּֽח],3947,5,3,False,,False,
Genesis,Genesis 21:19,ra'ah רָאָה [וַ/תֵּ֖רֶא],7200,Genesis 21:18,nasa נָשָׂא [שְׂאִ֣י],5375,1,2,False,,False,
Genesis,Genesis 21:19,ra'ah רָאָה [וַ/תֵּ֖רֶא],7200,Genesis 21:21,laqach לָקַח [וַ/תִּֽקַּֽח],3947,2,2,False,,False,
Genesis,Genesis 22:4,ra'ah רָאָה [וַ/יַּ֥רְא],7200,Genesis 22:2,laqach לָקַח [קַח],3947,2,2,False,,False,
Genesis,Genesis 22:4,ra'ah רָאָה [וַ/יַּ֥רְא],7200,Genesis 22:3,laqach לָקַח [וַ/יִּקַּ֞ח],3947,1,2,False,,False,
Genesis,Genesis 22:8,ra'ah רָאָה [יִרְאֶה],7200,Genesis 22:3,laqach לָקַח [וַ/יִּקַּ֞ח],3947,5,3,False,,False,
Genesis,Genesis 22:4,ra'ah רָאָה [וַ/יַּ֥רְא],7200,Genesis 22:4,nasa נָשָׂא [וַ/יִּשָּׂ֨א],5375,0,1,False,,True,
Genesis,Genesis 22:8,ra'ah רָאָה [יִרְאֶה],7200,Genesis 22:4,nasa נָשָׂא [וַ/יִּשָּׂ֨א],5375,4,3,False,,True,
Genesis,Genesis 22:4,ra'ah רָאָה [וַ/יַּ֥רְא],7200,Genesis 22:6,laqach לָקַח [וַ/יִּקַּ֨ח]; laqach לָקַח [וַ/יִּקַּ֣ח],"3947,3947",2,2,False,,False,
Genesis,Genesis 22:8,ra'ah רָאָה [יִרְאֶה],7200,Genesis 22:6,laqach לָקַח [וַ/יִּקַּ֨ח]; laqach לָקַח [וַ/יִּקַּ֣ח],"3947,3947",2,2,False,,False,
Genesis,Genesis 22:8,ra'ah רָאָה [יִרְאֶה],7200,Genesis 22:10,laqach לָקַח [וַ/יִּקַּ֖ח],3947,2,2,False,,False,
Genesis,Genesis 22:8,ra'ah רָאָה [יִרְאֶה],7200,Genesis 22:13,nasa נָשָׂא [וַ/יִּשָּׂ֨א]; achaz אָחַז [נֶאֱחַ֥ז]; laqach לָקַח [וַ/יִּקַּ֣ח],"5375,270,3947",5,3,False,,False,
Genesis,Genesis 22:13,ra'ah רָאָה [וַ/יַּרְא֙],7200,Genesis 22:10,laqach לָקַח [וַ/יִּקַּ֖ח],3947,3,3,False,,False,
Genesis,Genesis 22:14,ra'ah רָאָה [יִרְאֶ֑ה]; ra'ah רָאָה [יֵרָאֶֽה],"7200,7200",Genesis 22:10,laqach לָקַח [וַ/יִּקַּ֖ח],3947,4,3,False,,False,
Genesis,Genesis 22:13,ra'ah רָאָה [וַ/יַּרְא֙],7200,Genesis 22:13,nasa נָשָׂא [וַ/יִּשָּׂ֨א]; achaz אָחַז [נֶאֱחַ֥ז]; laqach לָקַח [וַ/יִּקַּ֣ח],"5375,270,3947",0,1,False,,False,
Genesis,Genesis 22:14,ra'ah רָאָה [יִרְאֶ֑ה]; ra'ah רָאָה [יֵרָאֶֽה],"7200,7200",Genesis 22:13,nasa נָשָׂא [וַ/יִּשָּׂ֨א]; achaz אָחַז [נֶאֱחַ֥ז]; laqach לָקַח [וַ/יִּקַּ֣ח],"5375,270,3947",1,2,False,,False,
Genesis,Genesis 24:63,ra'ah רָאָה [וַ/יַּ֔רְא],7200,Genesis 24:61,laqach לָקַח [וַ/יִּקַּ֥ח],3947,2,2,False,,False,
Genesis,Genesis 24:64,ra'ah רָאָה [וַ/תֵּ֖רֶא],7200,Genesis 24:61,laqach לָקַח [וַ/יִּקַּ֥ח],3947,3,3,False,,False,
Genesis,Genesis 24:63,ra'ah רָאָה [וַ/יַּ֔רְא],7200,Genesis 24:63,nasa נָשָׂא [וַ/יִּשָּׂ֤א],5375,0,1,False,,True,
Genesis,Genesis 24:64,ra'ah רָאָה [וַ/תֵּ֖רֶא],7200,Genesis 24:63,nasa נָשָׂא [וַ/יִּשָּׂ֤א],5375,1,2,False,,True,
Genesis,Genesis 24:63,ra'ah רָאָה [וַ/יַּ֔רְא],7200,Genesis 24:64,nasa נָשָׂא [וַ/תִּשָּׂ֤א],5375,1,2,False,,True,
Genesis,Genesis 24:63,ra'ah רָאָה [וַ/יַּ֔רְא],7200,Genesis 24:65,laqach לָקַח [וַ/תִּקַּ֥ח],3947,2,2,False,,False,
Genesis,Genesis 24:63,ra'ah רָאָה [וַ/יַּ֔רְא],7200,Genesis 24:67,laqach לָקַח [וַ/יִּקַּ֧ח],3947,4,3,False,,False,
Genesis,Genesis 24:63,ra'ah רָאָה [וַ/יַּ֔רְא],7200,Genesis 25:1,laqach לָקַח [וַ/יִּקַּ֥ח],3947,5,3,False,,False,
Genesis,Genesis 24:64,ra'ah רָאָה [וַ/תֵּ֖רֶא],7200,Genesis 24:64,nasa נָשָׂא [וַ/תִּשָּׂ֤א],5375,0,1,False,,True,
Genesis,Genesis 24:64,ra'ah רָאָה [וַ/תֵּ֖רֶא],7200,Genesis 24:65,laqach לָקַח [וַ/תִּקַּ֥ח],3947,1,2,False,,False,
Genesis,Genesis 24:64,ra'ah רָאָה [וַ/תֵּ֖רֶא],7200,Genesis 24:67,laqach לָקַח [וַ/יִּקַּ֧ח],3947,3,3,False,,False,
Genesis,Genesis 24:64,ra'ah רָאָה [וַ/תֵּ֖רֶא],7200,Genesis 25:1,laqach לָקַח [וַ/יִּקַּ֥ח],3947,4,3,False,,False,
Genesis,Genesis 27:1,ra'ah רָאָה [מֵ/רְאֹ֑ת],7200,Genesis 26:34,laqach לָקַח [וַ/יִּקַּ֤ח],3947,2,2,False,,False,
Genesis,Genesis 27:1,ra'ah רָאָה [מֵ/רְאֹ֑ת],7200,Genesis 27:3,nasa נָשָׂא [שָׂא],5375,2,2,False,,False,
Genesis,Genesis 28:6,ra'ah רָאָה [וַ/יַּ֣רְא],7200,Genesis 28:1,laqach לָקַח [תִקַּ֥ח],3947,5,3,False,,False,
Genesis,Genesis 28:6,ra'ah רָאָה [וַ/יַּ֣רְא],7200,Genesis 28:2,laqach לָקַח [וְ/קַח],3947,4,3,False,,False,
Genesis,Genesis 28:6,ra'ah רָאָה [וַ/יַּ֣רְא],7200,Genesis 28:6,laqach לָקַח [לָ/קַֽחַת]; laqach לָקַח [תִקַּ֥ח],"3947,3947",0,1,False,,False,
Genesis,Genesis 28:8,ra'ah רָאָה [וַ/יַּ֣רְא],7200,Genesis 28:6,laqach לָקַח [לָ/קַֽחַת]; laqach לָקַח [תִקַּ֥ח],"3947,3947",2,2,False,,False,
Genesis,Genesis 28:6,ra'ah רָאָה [וַ/יַּ֣רְא],7200,Genesis 28:9,laqach לָקַח [וַ/יִּקַּ֡ח],3947,3,3,False,,False,
Genesis,Genesis 28:6,ra'ah רָאָה [וַ/יַּ֣רְא],7200,Genesis 28:11,laqach לָקַח [וַ/יִּקַּח֙],3947,5,3,False,,False,
Genesis,Genesis 28:8,ra'ah רָאָה [וַ/יַּ֣רְא],7200,Genesis 28:9,laqach לָקַח [וַ/יִּקַּ֡ח],3947,1,2,False,,False,
Genesis,Genesis 28:8,ra'ah רָאָה [וַ/יַּ֣רְא],7200,Genesis 28:11,laqach לָקַח [וַ/יִּקַּח֙],3947,3,3,False,,False,
Genesis,Genesis 29:2,ra'ah רָאָה [וַ/יַּ֞רְא],7200,Genesis 29:1,nasa נָשָׂא [וַ/יִּשָּׂ֥א],5375,1,2,False,,False,
Genesis,Genesis 29:10,ra'ah רָאָה [רָאָ֨ה],7200,Genesis 29:11,nasa נָשָׂא [וַ/יִּשָּׂ֥א],5375,1,2,False,,False,
Genesis,Genesis 30:9,ra'ah רָאָה [וַ/תֵּ֣רֶא],7200,Genesis 30:9,laqach לָקַח [וַ/תִּקַּח֙],3947,0,1,False,,False,
Genesis,Genesis 31:2,ra'ah רָאָה [וַ/יַּ֥רְא],7200,Genesis 31:1,laqach לָקַח [לָקַ֣ח],3947,1,2,False,,False,
Genesis,Genesis 31:5,ra'ah רָאָה [רֹאֶ֤ה],7200,Genesis 31:1,laqach לָקַח [לָקַ֣ח],3947,4,3,False,,False,
Genesis,Genesis 31:5,ra'ah רָאָה [רֹאֶ֤ה],7200,Genesis 31:10,nasa נָשָׂא [וָ/אֶשָּׂ֥א],5375,5,3,False,,True,
Genesis,Genesis 31:10,ra'ah רָאָה [וָ/אֵ֖רֶא],7200,Genesis 31:10,nasa נָשָׂא [וָ/אֶשָּׂ֥א],5375,0,1,False,,True,
Genesis,Genesis 31:12,ra'ah רָאָה [וּ/רְאֵה֙]; ra'ah רָאָה [רָאִ֔יתִי],"7200,7200",Genesis 31:10,nasa נָשָׂא [וָ/אֶשָּׂ֥א],5375,2,2,False,,True,
Genesis,Genesis 31:10,ra'ah רָאָה [וָ/אֵ֖רֶא],7200,Genesis 31:12,nasa נָשָׂא [שָׂא],5375,2,2,False,,True,
Genesis,Genesis 31:12,ra'ah רָאָה [וּ/רְאֵה֙]; ra'ah רָאָה [רָאִ֔יתִי],"7200,7200",Genesis 31:12,nasa נָשָׂא [שָׂא],5375,0,1,False,,True,
Genesis,Genesis 31:12,ra'ah רָאָה [וּ/רְאֵה֙]; ra'ah רָאָה [רָאִ֔יתִי],"7200,7200",Genesis 31:17,nasa נָשָׂא [וַ/יִּשָּׂ֛א],5375,5,3,False,,False,
Genesis,Genesis 31:42,ra'ah רָאָה [רָאָ֥ה],7200,Genesis 31:45,laqach לָקַח [וַ/יִּקַּ֥ח],3947,3,3,False,,False,
Genesis,Genesis 31:42,ra'ah רָאָה [רָאָ֥ה],7200,Genesis 31:46,laqach לָקַח [וַ/יִּקְח֥וּ],3947,4,3,False,,False,
Genesis,Genesis 31:43,ra'ah רָאָה [רֹאֶ֖ה],7200,Genesis 31:45,laqach לָקַח [וַ/יִּקַּ֥ח],3947,2,2,False,,False,
Genesis,Genesis 31:43,ra'ah רָאָה [רֹאֶ֖ה],7200,Genesis 31:46,laqach לָקַח [וַ/יִּקְח֥וּ],3947,3,3,False,,False,
Genesis,Genesis 31:49,tsaphah צָפָה [יִ֥צֶף],6822,Genesis 31:45,laqach לָקַח [וַ/יִּקַּ֥ח],3947,4,3,False,,False,
Genesis,Genesis 31:50,ra'ah רָאָה [רְאֵ֕ה],7200,Genesis 31:45,laqach לָקַח [וַ/יִּקַּ֥ח],3947,5,3,False,,False,
Genesis,Genesis 31:49,tsaphah צָפָה [יִ֥צֶף],6822,Genesis 31:46,laqach לָקַח [וַ/יִּקְח֥וּ],3947,3,3,False,,False,
Genesis,Genesis 31:50,ra'ah רָאָה [רְאֵ֕ה],7200,Genesis 31:46,laqach לָקַח [וַ/יִּקְח֥וּ],3947,4,3,False,,False,
Genesis,Genesis 31:49,tsaphah צָפָה [יִ֥צֶף],6822,Genesis 31:50,laqach לָקַח [תִּקַּ֤ח],3947,1,2,False,,False,
Genesis,Genesis 31:50,ra'ah רָאָה [רְאֵ֕ה],7200,Genesis 31:50,laqach לָקַח [תִּקַּ֤ח],3947,0,1,False,,False,
Genesis,Genesis 32:21,ra'ah רָאָה [אֶרְאֶ֣ה],7200,Genesis 32:21,nasa נָשָׂא [יִשָּׂ֥א],5375,0,1,False,,False,
Genesis,Genesis 32:26,ra'ah רָאָה [וַ/יַּ֗רְא],7200,Genesis 32:21,nasa נָשָׂא [יִשָּׂ֥א],5375,5,3,False,,False,
Genesis,Genesis 32:21,ra'ah רָאָה [אֶרְאֶ֣ה],7200,Genesis 32:23,laqach לָקַח [וַ/יִּקַּ֞ח],3947,2,2,False,,False,
Genesis,Genesis 32:21,ra'ah רָאָה [אֶרְאֶ֣ה],7200,Genesis 32:24,laqach לָקַח [וַ/יִּקָּחֵ֔/ם],3947,3,3,False,,False,
Genesis,Genesis 32:26,ra'ah רָאָה [וַ/יַּ֗רְא],7200,Genesis 32:23,laqach לָקַח [וַ/יִּקַּ֞ח],3947,3,3,False,,False,
Genesis,Genesis 32:26,ra'ah רָאָה [וַ/יַּ֗רְא],7200,Genesis 32:24,laqach לָקַח [וַ/יִּקָּחֵ֔/ם],3947,2,2,False,,False,
Genesis,Genesis 32:31,ra'ah רָאָה [רָאִ֤יתִי],7200,Genesis 33:1,nasa נָשָׂא [וַ/יִּשָּׂ֨א],5375,3,3,False,,True,
Genesis,Genesis 33:1,ra'ah רָאָה [וַ/יַּרְא֙],7200,Genesis 33:1,nasa נָשָׂא [וַ/יִּשָּׂ֨א],5375,0,1,False,,True,
Genesis,Genesis 33:5,ra'ah רָאָה [וַ/יַּ֤רְא],7200,Genesis 33:1,nasa נָשָׂא [וַ/יִּשָּׂ֨א],5375,4,3,False,,True,
Genesis,Genesis 33:1,ra'ah רָאָה [וַ/יַּרְא֙],7200,Genesis 33:5,nasa נָשָׂא [וַ/יִּשָּׂ֣א],5375,4,3,False,,True,
Genesis,Genesis 33:5,ra'ah רָאָה [וַ/יַּ֤רְא],7200,Genesis 33:5,nasa נָשָׂא [וַ/יִּשָּׂ֣א],5375,0,1,False,,True,
Genesis,Genesis 33:10,ra'ah רָאָה [רָאִ֣יתִי]; ra'ah רָאָה [כִּ/רְאֹ֛ת],"7200,7200",Genesis 33:5,nasa נָשָׂא [וַ/יִּשָּׂ֣א],5375,5,3,False,,True,
Genesis,Genesis 33:5,ra'ah רָאָה [וַ/יַּ֤רְא],7200,Genesis 33:10,laqach לָקַח [וְ/לָקַחְתָּ֥],3947,5,3,False,,False,
Genesis,Genesis 33:10,ra'ah רָאָה [רָאִ֣יתִי]; ra'ah רָאָה [כִּ/רְאֹ֛ת],"7200,7200",Genesis 33:10,laqach לָקַח [וְ/לָקַחְתָּ֥],3947,0,1,False,,False,
Genesis,Genesis 33:10,ra'ah רָאָה [רָאִ֣יתִי]; ra'ah רָאָה [כִּ/רְאֹ֛ת],"7200,7200",Genesis 33:11,laqach לָקַח [קַח]; laqach לָקַח [וַ/יִּקָּֽח],"3947,3947",1,2,False,,False,
Genesis,Genesis 34:1,ra'ah רָאָה [לִ/רְא֖וֹת],7200,Genesis 34:2,laqach לָקַח [וַ/יִּקַּ֥ח],3947,1,2,False,,False,
Genesis,Genesis 34:1,ra'ah רָאָה [לִ/רְא֖וֹת],7200,Genesis 34:4,laqach לָקַח [קַֽח],3947,3,3,False,,False,
Genesis,Genesis 34:2,ra'ah רָאָה [וַ/יַּ֨רְא],7200,Genesis 34:2,laqach לָקַח [וַ/יִּקַּ֥ח],3947,0,1,False,,False,
Genesis,Genesis 34:2,ra'ah רָאָה [וַ/יַּ֨רְא],7200,Genesis 34:4,laqach לָקַח [קַֽח],3947,2,2,False,,False,
Genesis,Genesis 35:1,ra'ah רָאָה [הַ/נִּרְאֶ֣ה],7200,Genesis 34:28,laqach לָקַח [לָקָֽחוּ],3947,4,3,False,,False,
Genesis,Genesis 37:20,ra'ah רָאָה [וְ/נִרְאֶ֕ה],7200,Genesis 37:24,laqach לָקַח [וַ/יִּ֨קָּחֻ֔/הוּ],3947,4,3,False,,False,
Genesis,Genesis 37:20,ra'ah רָאָה [וְ/נִרְאֶ֕ה],7200,Genesis 37:25,nasa נָשָׂא [וַ/יִּשְׂא֤וּ]; nasa נָשָׂא [נֹֽשְׂאִ֗ים],"5375,5375",5,3,False,,True,
Genesis,Genesis 37:25,ra'ah רָאָה [וַ/יִּרְא֔וּ],7200,Genesis 37:24,laqach לָקַח [וַ/יִּ֨קָּחֻ֔/הוּ],3947,1,2,False,,False,
Genesis,Genesis 37:25,ra'ah רָאָה [וַ/יִּרְא֔וּ],7200,Genesis 37:25,nasa נָשָׂא [וַ/יִּשְׂא֤וּ]; nasa נָשָׂא [נֹֽשְׂאִ֗ים],"5375,5375",0,1,False,,True,
Genesis,Genesis 38:2,ra'ah רָאָה [וַ/יַּרְא],7200,Genesis 38:2,laqach לָקַח [וַ/יִּקָּחֶ֖/הָ],3947,0,1,False,,False,
Genesis,Genesis 38:2,ra'ah רָאָה [וַ/יַּרְא],7200,Genesis 38:6,laqach לָקַח [וַ/יִּקַּ֧ח],3947,4,3,False,,False,
Genesis,Genesis 38:15,ra'ah רָאָה [וַ/יִּרְאֶ֣/הָ],7200,Genesis 38:20,laqach לָקַח [לָ/קַ֥חַת],3947,5,3,False,,False,
Genesis,Genesis 39:3,ra'ah רָאָה [וַ/יַּ֣רְא],7200,Genesis 38:28,laqach לָקַח [וַ/תִּקַּ֣ח],3947,5,3,False,,False,
Genesis,Genesis 39:3,ra'ah רָאָה [וַ/יַּ֣רְא],7200,Genesis 39:7,nasa נָשָׂא [וַ/תִּשָּׂ֧א],5375,4,3,False,,True,
Genesis,Genesis 39:13,ra'ah רָאָה [כִּ/רְאוֹתָ֔/הּ],7200,Genesis 39:12,taphas תָּפַשׂ [וַ/תִּתְפְּשֵׂ֧/הוּ],8610,1,2,False,,False,
Genesis,Genesis 39:14,ra'ah רָאָה [רְא֗וּ],7200,Genesis 39:12,taphas תָּפַשׂ [וַ/תִּתְפְּשֵׂ֧/הוּ],8610,2,2,False,,False,
Genesis,Genesis 39:23,ra'ah רָאָה [רֹאֶ֤ה],7200,Genesis 39:20,laqach לָקַח [וַ/יִּקַּח֩],3947,3,3,False,,False,
Genesis,Genesis 40:6,ra'ah רָאָה [וַ/יַּ֣רְא],7200,Genesis 40:11,laqach לָקַח [וָ/אֶקַּ֣ח],3947,5,3,False,,False,
Genesis,Genesis 40:16,ra'ah רָאָה [וַ/יַּ֥רְא],7200,Genesis 40:11,laqach לָקַח [וָ/אֶקַּ֣ח],3947,5,3,False,,False,
Genesis,Genesis 40:16,ra'ah רָאָה [וַ/יַּ֥רְא],7200,Genesis 40:13,nasa נָשָׂא [יִשָּׂ֤א],5375,3,3,False,,False,
Genesis,Genesis 40:16,ra'ah רָאָה [וַ/יַּ֥רְא],7200,Genesis 40:19,nasa נָשָׂא [יִשָּׂ֨א],5375,3,3,False,,False,
Genesis,Genesis 40:16,ra'ah רָאָה [וַ/יַּ֥רְא],7200,Genesis 40:20,nasa נָשָׂא [וַ/יִּשָּׂ֞א],5375,4,3,False,,False,
Genesis,Genesis 42:12,ra'ah רָאָה [לִ/רְאֽוֹת],7200,Genesis 42:16,laqach לָקַח [וְ/יִקַּ֣ח],3947,4,3,False,,False,
Genesis,Genesis 42:21,ra'ah רָאָה [רָאִ֜ינוּ],7200,Genesis 42:16,laqach לָקַח [וְ/יִקַּ֣ח],3947,5,3,False,,False,
Genesis,Genesis 42:21,ra'ah רָאָה [רָאִ֜ינוּ],7200,Genesis 42:24,laqach לָקַח [וַ/יִּקַּ֤ח],3947,3,3,False,,False,
Genesis,Genesis 42:21,ra'ah רָאָה [רָאִ֜ינוּ],7200,Genesis 42:26,nasa נָשָׂא [וַ/יִּשְׂא֥וּ],5375,5,3,False,,False,
Genesis,Genesis 42:27,ra'ah רָאָה [וַ/יַּרְא֙],7200,Genesis 42:24,laqach לָקַח [וַ/יִּקַּ֤ח],3947,3,3,False,,False,
Genesis,Genesis 42:27,ra'ah רָאָה [וַ/יַּרְא֙],7200,Genesis 42:26,nasa נָשָׂא [וַ/יִּשְׂא֥וּ],5375,1,2,False,,False,
Genesis,Genesis 42:35,ra'ah רָאָה [וַ/יִּרְא֞וּ],7200,Genesis 42:33,laqach לָקַח [קְח֥וּ],3947,2,2,False,,False,
Genesis,Genesis 42:35,ra'ah רָאָה [וַ/יִּרְא֞וּ],7200,Genesis 42:36,laqach לָקַח [תִּקָּ֔חוּ],3947,1,2,False,,False,
Genesis,Genesis 43:3,ra'ah רָאָה [תִרְא֣וּ],7200,Genesis 42:36,laqach לָקַח [תִּקָּ֔חוּ],3947,5,3,False,,False,
Genesis,Genesis 43:16,ra'ah רָאָה [וַ/יַּ֨רְא],7200,Genesis 43:11,laqach לָקַח [קְח֞וּ],3947,5,3,False,,False,
Genesis,Genesis 43:16,ra'ah רָאָה [וַ/יַּ֨רְא],7200,Genesis 43:12,laqach לָקַח [קְח֣וּ],3947,4,3,False,,False,
Genesis,Genesis 43:16,ra'ah רָאָה [וַ/יַּ֨רְא],7200,Genesis 43:13,laqach לָקַח [קָ֑חוּ],3947,3,3,False,,False,
Genesis,Genesis 43:16,ra'ah רָאָה [וַ/יַּ֨רְא],7200,Genesis 43:15,laqach לָקַח [וַ/יִּקְח֤וּ]; laqach לָקַח [לָקְח֥וּ],"3947,3947",1,2,False,,False,
Genesis,Genesis 43:16,ra'ah רָאָה [וַ/יַּ֨רְא],7200,Genesis 43:18,laqach לָקַח [וְ/לָ/קַ֧חַת],3947,2,2,False,,False,
Genesis,Genesis 43:29,ra'ah רָאָה [וַ/יַּ֞רְא],7200,Genesis 43:29,nasa נָשָׂא [וַ/יִּשָּׂ֣א],5375,0,1,False,,True,
Genesis,Genesis 43:29,ra'ah רָאָה [וַ/יַּ֞רְא],7200,Genesis 43:34,nasa נָשָׂא [וַ/יִּשָּׂ֨א],5375,5,3,False,,False,
Genesis,Genesis 44:26,ra'ah רָאָה [לִ/רְאוֹת֙],7200,Genesis 44:29,laqach לָקַח [וּ/לְקַחְתֶּ֧ם],3947,3,3,False,,False,
Genesis,Genesis 44:28,ra'ah רָאָה [רְאִיתִ֖י/ו],7200,Genesis 44:29,laqach לָקַח [וּ/לְקַחְתֶּ֧ם],3947,1,2,False,,False,
Genesis,Genesis 44:31,ra'ah רָאָה [כִּ/רְאוֹת֛/וֹ],7200,Genesis 44:29,laqach לָקַח [וּ/לְקַחְתֶּ֧ם],3947,2,2,False,,False,
Genesis,Genesis 44:34,ra'ah רָאָה [אֶרְאֶ֣ה],7200,Genesis 44:29,laqach לָקַח [וּ/לְקַחְתֶּ֧ם],3947,5,3,False,,False,
Genesis,Genesis 45:13,ra'ah רָאָה [רְאִיתֶ֑ם],7200,Genesis 45:18,laqach לָקַח [וּ/קְח֧וּ],3947,5,3,False,,False,
Genesis,Genesis 45:27,ra'ah רָאָה [וַ/יַּרְא֙],7200,Genesis 45:23,nasa נָשָׂא [נֹשְׂאִ֖ים]; nasa נָשָׂא [נֹֽ֠שְׂאֹת],"5375,5375",4,3,False,,False,
Genesis,Genesis 45:28,ra'ah רָאָה [וְ/אֶרְאֶ֖/נּוּ],7200,Genesis 45:23,nasa נָשָׂא [נֹשְׂאִ֖ים]; nasa נָשָׂא [נֹֽ֠שְׂאֹת],"5375,5375",5,3,False,,False,
Genesis,Genesis 45:27,ra'ah רָאָה [וַ/יַּרְא֙],7200,Genesis 45:27,nasa נָשָׂא [לָ/שֵׂ֣את],5375,0,1,False,,False,
Genesis,Genesis 45:28,ra'ah רָאָה [וְ/אֶרְאֶ֖/נּוּ],7200,Genesis 45:27,nasa נָשָׂא [לָ/שֵׂ֣את],5375,1,2,False,,False,
Genesis,Genesis 45:28,ra'ah רָאָה [וְ/אֶרְאֶ֖/נּוּ],7200,Genesis 46:5,nasa נָשָׂא [וַ/יִּשְׂא֨וּ]; nasa נָשָׂא [לָ/שֵׂ֥את],"5375,5375",5,3,False,,False,
Genesis,Genesis 48:3,ra'ah רָאָה [נִרְאָֽה],7200,Genesis 47:30,nasa נָשָׂא [וּ/נְשָׂאתַ֨/נִי֙],5375,4,3,False,,False,
Genesis,Genesis 48:3,ra'ah רָאָה [נִרְאָֽה],7200,Genesis 48:1,laqach לָקַח [וַ/יִּקַּ֞ח],3947,2,2,False,,False,
Genesis,Genesis 48:8,ra'ah רָאָה [וַ/יַּ֥רְא],7200,Genesis 48:9,laqach לָקַח [קָֽחֶ/ם],3947,1,2,False,,False,
Genesis,Genesis 48:8,ra'ah רָאָה [וַ/יַּ֥רְא],7200,Genesis 48:13,laqach לָקַח [וַ/יִּקַּ֣ח],3947,5,3,False,,False,
Genesis,Genesis 48:10,ra'ah רָאָה [לִ/רְא֑וֹת],7200,Genesis 48:9,laqach לָקַח [קָֽחֶ/ם],3947,1,2,False,,False,
Genesis,Genesis 48:11,ra'ah רָאָה [רְאֹ֥ה]; ra'ah רָאָה [הֶרְאָ֥ה],"7200,7200",Genesis 48:9,laqach לָקַח [קָֽחֶ/ם],3947,2,2,False,,False,
Genesis,Genesis 48:10,ra'ah רָאָה [לִ/רְא֑וֹת],7200,Genesis 48:13,laqach לָקַח [וַ/יִּקַּ֣ח],3947,3,3,False,,False,
Genesis,Genesis 48:11,ra'ah רָאָה [רְאֹ֥ה]; ra'ah רָאָה [הֶרְאָ֥ה],"7200,7200",Genesis 48:13,laqach לָקַח [וַ/יִּקַּ֣ח],3947,2,2,False,,False,
Genesis,Genesis 48:17,ra'ah רָאָה [וַ/יַּ֣רְא],7200,Genesis 48:13,laqach לָקַח [וַ/יִּקַּ֣ח],3947,4,3,False,,False,
Genesis,Genesis 48:17,ra'ah רָאָה [וַ/יַּ֣רְא],7200,Genesis 48:22,laqach לָקַח [לָקַ֨חְתִּי֙],3947,5,3,False,,False,
Genesis,Genesis 50:11,ra'ah רָאָה [וַ/יַּ֡רְא],7200,Genesis 50:13,nasa נָשָׂא [וַ/יִּשְׂא֨וּ],5375,2,2,False,,False,
Genesis,Genesis 50:15,ra'ah רָאָה [וַ/יִּרְא֤וּ],7200,Genesis 50:13,nasa נָשָׂא [וַ/יִּשְׂא֨וּ],5375,2,2,False,,False,
Genesis,Genesis 50:15,ra'ah רָאָה [וַ/יִּרְא֤וּ],7200,Genesis 50:17,nasa נָשָׂא [שָׂ֣א]; nasa נָשָׂא [שָׂ֣א],"5375,5375",2,2,False,,False,
Exodus,Exodus 2:2,ra'ah רָאָה [וַ/תֵּ֤רֶא],7200,Exodus 2:1,laqach לָקַח [וַ/יִּקַּ֖ח],3947,1,2,False,,False,
Exodus,Exodus 2:5,ra'ah רָאָה [וַ/תֵּ֤רֶא],7200,Exodus 2:1,laqach לָקַח [וַ/יִּקַּ֖ח],3947,4,3,False,,False,
Exodus,Exodus 2:6,ra'ah רָאָה [וַ/תִּרְאֵ֣/הוּ],7200,Exodus 2:1,laqach לָקַח [וַ/יִּקַּ֖ח],3947,5,3,False,,False,
Exodus,Exodus 2:2,ra'ah רָאָה [וַ/תֵּ֤רֶא],7200,Exodus 2:3,laqach לָקַח [וַ/תִּֽקַּֽח],3947,1,2,False,,False,
Exodus,Exodus 2:2,ra'ah רָאָה [וַ/תֵּ֤רֶא],7200,Exodus 2:5,laqach לָקַח [וַ/תִּקָּחֶֽ/הָ],3947,3,3,False,,False,
Exodus,Exodus 2:5,ra'ah רָאָה [וַ/תֵּ֤רֶא],7200,Exodus 2:3,laqach לָקַח [וַ/תִּֽקַּֽח],3947,2,2,False,,False,
Exodus,Exodus 2:6,ra'ah רָאָה [וַ/תִּרְאֵ֣/הוּ],7200,Exodus 2:3,laqach לָקַח [וַ/תִּֽקַּֽח],3947,3,3,False,,False,
Exodus,Exodus 2:5,ra'ah רָאָה [וַ/תֵּ֤רֶא],7200,Exodus 2:5,laqach לָקַח [וַ/תִּקָּחֶֽ/הָ],3947,0,1,False,,False,
Exodus,Exodus 2:6,ra'ah רָאָה [וַ/תִּרְאֵ֣/הוּ],7200,Exodus 2:5,laqach לָקַח [וַ/תִּקָּחֶֽ/הָ],3947,1,2,False,,False,
Exodus,Exodus 2:5,ra'ah רָאָה [וַ/תֵּ֤רֶא],7200,Exodus 2:9,laqach לָקַח [וַ/תִּקַּ֧ח],3947,4,3,False,,False,
Exodus,Exodus 2:6,ra'ah רָאָה [וַ/תִּרְאֵ֣/הוּ],7200,Exodus 2:9,laqach לָקַח [וַ/תִּקַּ֧ח],3947,3,3,False,,False,
Exodus,Exodus 2:11,ra'ah רָאָה [וַ/יַּ֖רְא]; ra'ah רָאָה [וַ/יַּרְא֙],"7200,7200",Exodus 2:9,laqach לָקַח [וַ/תִּקַּ֧ח],3947,2,2,False,,False,
Exodus,Exodus 2:12,ra'ah רָאָה [וַ/יַּ֖רְא],7200,Exodus 2:9,laqach לָקַח [וַ/תִּקַּ֧ח],3947,3,3,False,,False,
Exodus,Exodus 4:1,ra'ah רָאָה [נִרְאָ֥ה],7200,Exodus 4:4,achaz אָחַז [וֶ/אֱחֹ֖ז],270,3,3,False,,False,
Exodus,Exodus 4:5,ra'ah רָאָה [נִרְאָ֥ה],7200,Exodus 4:4,achaz אָחַז [וֶ/אֱחֹ֖ז],270,1,2,False,,False,
Exodus,Exodus 4:5,ra'ah רָאָה [נִרְאָ֥ה],7200,Exodus 4:9,laqach לָקַח [וְ/לָקַחְתָּ֙]; laqach לָקַח [תִּקַּ֣ח],"3947,3947",4,3,False,,False,
Exodus,Exodus 4:14,ra'ah רָאָה [וְ/רָאֲ/ךָ֖],7200,Exodus 4:9,laqach לָקַח [וְ/לָקַחְתָּ֙]; laqach לָקַח [תִּקַּ֣ח],"3947,3947",5,3,False,,False,
Exodus,Exodus 4:14,ra'ah רָאָה [וְ/רָאֲ/ךָ֖],7200,Exodus 4:17,laqach לָקַח [תִּקַּ֣ח],3947,3,3,False,,False,
Exodus,Exodus 4:18,ra'ah רָאָה [וְ/אֶרְאֶ֖ה],7200,Exodus 4:17,laqach לָקַח [תִּקַּ֣ח],3947,1,2,False,,False,
Exodus,Exodus 4:21,ra'ah רָאָה [רְאֵ֗ה],7200,Exodus 4:17,laqach לָקַח [תִּקַּ֣ח],3947,4,3,False,,False,
Exodus,Exodus 4:18,ra'ah רָאָה [וְ/אֶרְאֶ֖ה],7200,Exodus 4:20,laqach לָקַח [וַ/יִּקַּ֨ח]; laqach לָקַח [וַ/יִּקַּ֥ח],"3947,3947",2,2,False,,False,
Exodus,Exodus 4:21,ra'ah רָאָה [רְאֵ֗ה],7200,Exodus 4:20,laqach לָקַח [וַ/יִּקַּ֨ח]; laqach לָקַח [וַ/יִּקַּ֥ח],"3947,3947",1,2,False,,False,
Exodus,Exodus 4:21,ra'ah רָאָה [רְאֵ֗ה],7200,Exodus 4:25,laqach לָקַח [וַ/תִּקַּ֨ח],3947,4,3,False,,False,
Exodus,Exodus 5:9,sha'ah שָׁעָה [יִשְׁע֖וּ],8159,Exodus 5:11,laqach לָקַח [קְח֤וּ],3947,2,2,False,,False,
Exodus,Exodus 6:3,ra'ah רָאָה [וָ/אֵרָ֗א],7200,Exodus 6:7,laqach לָקַח [וְ/לָקַחְתִּ֨י],3947,4,3,False,,False,
Exodus,Exodus 6:3,ra'ah רָאָה [וָ/אֵרָ֗א],7200,Exodus 6:8,nasa נָשָׂא [נָשָׂ֨אתִי֙],5375,5,3,False,,False,
Exodus,Exodus 10:10,ra'ah רָאָה [רְא֕וּ],7200,Exodus 10:13,nasa נָשָׂא [נָשָׂ֖א],5375,3,3,False,,False,
Exodus,Exodus 10:23,ra'ah רָאָה [רָא֞וּ],7200,Exodus 10:19,nasa נָשָׂא [וַ/יִּשָּׂא֙],5375,4,3,False,,False,
Exodus,Exodus 10:23,ra'ah רָאָה [רָא֞וּ],7200,Exodus 10:26,laqach לָקַח [נִקַּ֔ח],3947,3,3,False,,False,
Exodus,Exodus 10:28,ra'ah רָאָה [רְא֣וֹת]; ra'ah רָאָה [רְאֹתְ/ךָ֥],"7200,7200",Exodus 10:26,laqach לָקַח [נִקַּ֔ח],3947,2,2,False,,False,
Exodus,Exodus 10:29,ra'ah רָאָה [רְא֥וֹת],7200,Exodus 10:26,laqach לָקַח [נִקַּ֔ח],3947,3,3,False,,False,
Exodus,Exodus 12:23,ra'ah רָאָה [וְ/רָאָ֤ה],7200,Exodus 12:21,laqach לָקַח [וּ/קְח֨וּ],3947,2,2,False,,False,
Exodus,Exodus 12:23,ra'ah רָאָה [וְ/רָאָ֤ה],7200,Exodus 12:22,laqach לָקַח [וּ/לְקַחְתֶּ֞ם],3947,1,2,False,,False,
Exodus,Exodus 13:17,ra'ah רָאָה [בִּ/רְאֹתָ֥/ם],7200,Exodus 13:19,laqach לָקַח [וַ/יִּקַּ֥ח],3947,2,2,False,,False,
Exodus,Exodus 14:13,ra'ah רָאָה [וּ/רְאוּ֙]; ra'ah רָאָה [רְאִיתֶ֤ם]; ra'ah רָאָה [לִ/רְאֹתָ֥/ם],"7200,7200,7200",Exodus 14:10,nasa נָשָׂא [וַ/יִּשְׂאוּ֩],5375,3,3,False,,True,
Exodus,Exodus 14:13,ra'ah רָאָה [וּ/רְאוּ֙]; ra'ah רָאָה [רְאִיתֶ֤ם]; ra'ah רָאָה [לִ/רְאֹתָ֥/ם],"7200,7200,7200",Exodus 14:11,laqach לָקַח [לְקַחְתָּ֖/נוּ],3947,2,2,False,,False,
Exodus,Exodus 16:15,ra'ah רָאָה [וַ/יִּרְא֣וּ],7200,Exodus 16:16,laqach לָקַח [תִּקָּֽחוּ],3947,1,2,False,,False,
Exodus,Exodus 16:29,ra'ah רָאָה [רְא֗וּ],7200,Exodus 16:33,laqach לָקַח [קַ֚ח],3947,4,3,False,,False,
Exodus,Exodus 16:32,ra'ah רָאָה [יִרְא֣וּ],7200,Exodus 16:33,laqach לָקַח [קַ֚ח],3947,1,2,False,,False,
Exodus,Exodus 18:14,ra'ah רָאָה [וַ/יַּרְא֙],7200,Exodus 18:12,laqach לָקַח [וַ/יִּקַּ֞ח],3947,2,2,False,,False,
Exodus,Exodus 18:21,chazah חָזָה [תֶחֱזֶ֣ה],2372,Exodus 18:22,nasa נָשָׂא [וְ/נָשְׂא֖וּ],5375,1,2,False,,False,
Exodus,Exodus 19:4,ra'ah רָאָה [רְאִיתֶ֔ם],7200,Exodus 19:4,nasa נָשָׂא [וָ/אֶשָּׂ֤א],5375,0,1,False,,False,
Exodus,Exodus 22:9,ra'ah רָאָה [רֹאֶֽה],7200,Exodus 22:10,laqach לָקַח [וְ/לָקַ֥ח],3947,1,2,False,,False,
Exodus,Exodus 23:5,ra'ah רָאָה [תִרְאֶ֞ה],7200,Exodus 23:1,nasa נָשָׂא [תִשָּׂ֖א],5375,4,3,False,,False,
Exodus,Exodus 23:5,ra'ah רָאָה [תִרְאֶ֞ה],7200,Exodus 23:8,laqach לָקַח [תִקָּ֑ח],3947,3,3,False,,False,
Exodus,Exodus 23:17,ra'ah רָאָה [יֵרָאֶה֙],7200,Exodus 23:21,nasa נָשָׂא [יִשָּׂא֙],5375,4,3,False,,False,
Exodus,Exodus 24:10,ra'ah רָאָה [וַ/יִּרְא֕וּ],7200,Exodus 24:6,laqach לָקַח [וַ/יִּקַּ֤ח],3947,4,3,False,,False,
Exodus,Exodus 24:11,chazah חָזָה [וַֽ/יֶּחֱזוּ֙],2372,Exodus 24:6,laqach לָקַח [וַ/יִּקַּ֤ח],3947,5,3,False,,False,
Exodus,Exodus 24:10,ra'ah רָאָה [וַ/יִּרְא֕וּ],7200,Exodus 24:7,laqach לָקַח [וַ/יִּקַּח֙],3947,3,3,False,,False,
Exodus,Exodus 24:11,chazah חָזָה [וַֽ/יֶּחֱזוּ֙],2372,Exodus 24:7,laqach לָקַח [וַ/יִּקַּח֙],3947,4,3,False,,False,
Exodus,Exodus 24:10,ra'ah רָאָה [וַ/יִּרְא֕וּ],7200,Exodus 24:8,laqach לָקַח [וַ/יִּקַּ֤ח],3947,2,2,False,,False,
Exodus,Exodus 24:11,chazah חָזָה [וַֽ/יֶּחֱזוּ֙],2372,Exodus 24:8,laqach לָקַח [וַ/יִּקַּ֤ח],3947,3,3,False,,False,
Exodus,Exodus 25:9,ra'ah רָאָה [מַרְאֶ֣ה],7200,Exodus 25:14,nasa נָשָׂא [לָ/שֵׂ֥את],5375,5,3,False,,False,
Exodus,Exodus 27:8,ra'ah רָאָה [הֶרְאָ֥ה],7200,Exodus 27:7,nasa נָשָׂא [בִּ/שְׂאֵ֥ת],5375,1,2,False,,False,
Exodus,Exodus 32:1,ra'ah רָאָה [וַ/יַּ֣רְא],7200,Exodus 32:4,laqach לָקַח [וַ/יִּקַּ֣ח],3947,3,3,False,,False,
Exodus,Exodus 32:5,ra'ah רָאָה [וַ/יַּ֣רְא],7200,Exodus 32:4,laqach לָקַח [וַ/יִּקַּ֣ח],3947,1,2,False,,False,
Exodus,Exodus 32:9,ra'ah רָאָה [רָאִ֨יתִי֙],7200,Exodus 32:4,laqach לָקַח [וַ/יִּקַּ֣ח],3947,5,3,False,,False,
Exodus,Exodus 32:19,ra'ah רָאָה [וַ/יַּ֥רְא],7200,Exodus 32:20,laqach לָקַח [וַ/יִּקַּ֞ח],3947,1,2,False,,False,
Exodus,Exodus 32:25,ra'ah רָאָה [וַ/יַּ֤רְא],7200,Exodus 32:20,laqach לָקַח [וַ/יִּקַּ֞ח],3947,5,3,False,,False,
Exodus,Exodus 33:8,nabat נָבַט [וְ/הִבִּ֨יטוּ֙],5027,Exodus 33:7,laqach לָקַח [יִקַּ֨ח],3947,1,2,False,,False,
Exodus,Exodus 33:10,ra'ah רָאָה [וְ/רָאָ֤ה],7200,Exodus 33:7,laqach לָקַח [יִקַּ֨ח],3947,3,3,False,,False,
Exodus,Exodus 33:12,ra'ah רָאָה [רְ֠אֵה],7200,Exodus 33:7,laqach לָקַח [יִקַּ֨ח],3947,5,3,False,,False,
Exodus,Exodus 33:23,ra'ah רָאָה [וְ/רָאִ֖יתָ]; ra'ah רָאָה [יֵרָאֽוּ],"7200,7200",Exodus 34:4,laqach לָקַח [וַ/יִּקַּ֣ח],3947,4,3,False,,False,
Exodus,Exodus 34:3,ra'ah רָאָה [יֵרָ֖א],7200,Exodus 34:4,laqach לָקַח [וַ/יִּקַּ֣ח],3947,1,2,False,,False,
Exodus,Exodus 34:3,ra'ah רָאָה [יֵרָ֖א],7200,Exodus 34:7,nasa נָשָׂא [נֹשֵׂ֥א],5375,4,3,False,,False,
Exodus,Exodus 34:10,ra'ah רָאָה [וְ/רָאָ֣ה],7200,Exodus 34:7,nasa נָשָׂא [נֹשֵׂ֥א],5375,3,3,False,,False,
Exodus,Exodus 34:20,ra'ah רָאָה [יֵרָא֥וּ],7200,Exodus 34:16,laqach לָקַח [וְ/לָקַחְתָּ֥],3947,4,3,False,,False,
Exodus,Exodus 34:35,ra'ah רָאָה [וְ/רָא֤וּ],7200,Exodus 35:5,laqach לָקַח [קְח֨וּ],3947,5,3,False,,False,
Exodus,Exodus 35:30,ra'ah רָאָה [רְא֛וּ],7200,Exodus 35:26,nasa נָשָׂא [נָשָׂ֥א],5375,4,3,False,,False,
Leviticus,Leviticus 5:1,ra'ah רָאָה [רָאָ֖ה],7200,Leviticus 4:34,laqach לָקַח [וְ/לָקַ֨ח],3947,2,2,False,,False,
Leviticus,Leviticus 5:1,ra'ah רָאָה [רָאָ֖ה],7200,Leviticus 5:1,nasa נָשָׂא [וְ/נָשָׂ֥א],5375,0,1,False,,False,
Leviticus,Leviticus 9:4,ra'ah רָאָה [נִרְאָ֥ה],7200,Leviticus 9:2,laqach לָקַח [קַח],3947,2,2,False,,False,
Leviticus,Leviticus 9:6,ra'ah רָאָה [וְ/יֵרָ֥א],7200,Leviticus 9:2,laqach לָקַח [קַח],3947,4,3,False,,False,
Leviticus,Leviticus 9:4,ra'ah רָאָה [נִרְאָ֥ה],7200,Leviticus 9:3,laqach לָקַח [קְח֤וּ],3947,1,2,False,,False,
Leviticus,Leviticus 9:6,ra'ah רָאָה [וְ/יֵרָ֥א],7200,Leviticus 9:3,laqach לָקַח [קְח֤וּ],3947,3,3,False,,False,
Leviticus,Leviticus 9:4,ra'ah רָאָה [נִרְאָ֥ה],7200,Leviticus 9:5,laqach לָקַח [וַ/יִּקְח֗וּ],3947,1,2,False,,False,
Leviticus,Leviticus 9:6,ra'ah רָאָה [וְ/יֵרָ֥א],7200,Leviticus 9:5,laqach לָקַח [וַ/יִּקְח֗וּ],3947,1,2,False,,False,
Leviticus,Leviticus 9:23,ra'ah רָאָה [וַ/יֵּרָ֥א],7200,Leviticus 9:22,nasa נָשָׂא [וַ/יִּשָּׂ֨א],5375,1,2,False,,False,
Leviticus,Leviticus 9:24,ra'ah רָאָה [וַ/יַּ֤רְא],7200,Leviticus 9:22,nasa נָשָׂא [וַ/יִּשָּׂ֨א],5375,2,2,False,,False,
Leviticus,Leviticus 9:23,ra'ah רָאָה [וַ/יֵּרָ֥א],7200,Leviticus 10:1,laqach לָקַח [וַ/יִּקְח֣וּ],3947,2,2,False,,False,
Leviticus,Leviticus 9:23,ra'ah רָאָה [וַ/יֵּרָ֥א],7200,Leviticus 10:4,nasa נָשָׂא [שְׂא֤וּ],5375,5,3,False,,False,
Leviticus,Leviticus 9:24,ra'ah רָאָה [וַ/יַּ֤רְא],7200,Leviticus 10:1,laqach לָקַח [וַ/יִּקְח֣וּ],3947,1,2,False,,False,
Leviticus,Leviticus 9:24,ra'ah רָאָה [וַ/יַּ֤רְא],7200,Leviticus 10:4,nasa נָשָׂא [שְׂא֤וּ],5375,4,3,False,,False,
Leviticus,Leviticus 9:24,ra'ah רָאָה [וַ/יַּ֤רְא],7200,Leviticus 10:5,nasa נָשָׂא [וַ/יִּשָּׂאֻ/ם֙],5375,5,3,False,,False,
Leviticus,Leviticus 13:3,ra'ah רָאָה [וְ/רָאָ֣ה]; ra'ah רָאָה [וְ/רָאָ֥/הוּ],"7200,7200",Leviticus 12:8,laqach לָקַח [וְ/לָקְחָ֣ה],3947,3,3,False,,False,
Leviticus,Leviticus 13:5,ra'ah רָאָה [וְ/רָאָ֣/הוּ],7200,Leviticus 12:8,laqach לָקַח [וְ/לָקְחָ֣ה],3947,5,3,False,,False,
Leviticus,Leviticus 14:3,ra'ah רָאָה [וְ/רָאָה֙],7200,Leviticus 14:4,laqach לָקַח [וְ/לָקַ֧ח],3947,1,2,False,,False,
Leviticus,Leviticus 14:3,ra'ah רָאָה [וְ/רָאָה֙],7200,Leviticus 14:6,laqach לָקַח [יִקַּ֣ח],3947,3,3,False,,False,
Leviticus,Leviticus 14:37,ra'ah רָאָה [וְ/רָאָ֣ה],7200,Leviticus 14:42,laqach לָקַח [וְ/לָקְחוּ֙]; laqach לָקַח [יִקַּ֖ח],"3947,3947",5,3,False,,False,
Leviticus,Leviticus 14:39,ra'ah רָאָה [וְ/רָאָ֕ה],7200,Leviticus 14:42,laqach לָקַח [וְ/לָקְחוּ֙]; laqach לָקַח [יִקַּ֖ח],"3947,3947",3,3,False,,False,
Leviticus,Leviticus 14:44,ra'ah רָאָה [וְ/רָאָ֕ה],7200,Leviticus 14:42,laqach לָקַח [וְ/לָקְחוּ֙]; laqach לָקַח [יִקַּ֖ח],"3947,3947",2,2,False,,False,
Leviticus,Leviticus 14:44,ra'ah רָאָה [וְ/רָאָ֕ה],7200,Leviticus 14:49,laqach לָקַח [וְ/לָקַ֛ח],3947,5,3,False,,False,
Leviticus,Leviticus 14:48,ra'ah רָאָה [וְ/רָאָה֙],7200,Leviticus 14:49,laqach לָקַח [וְ/לָקַ֛ח],3947,1,2,False,,False,
Leviticus,Leviticus 14:48,ra'ah רָאָה [וְ/רָאָה֙],7200,Leviticus 14:51,laqach לָקַח [וְ/לָקַ֣ח],3947,3,3,False,,False,
Leviticus,Leviticus 16:2,ra'ah רָאָה [אֵרָאֶ֖ה],7200,Leviticus 16:5,laqach לָקַח [יִקַּ֛ח],3947,3,3,False,,False,
Leviticus,Leviticus 16:2,ra'ah רָאָה [אֵרָאֶ֖ה],7200,Leviticus 16:7,laqach לָקַח [וְ/לָקַ֖ח],3947,5,3,False,,False,
Leviticus,Leviticus 20:17,ra'ah רָאָה [וְ/רָאָ֨ה]; ra'ah רָאָה [תִרְאֶ֤ה],"7200,7200",Leviticus 20:14,laqach לָקַח [יִקַּ֧ח],3947,3,3,False,,False,
Leviticus,Leviticus 20:17,ra'ah רָאָה [וְ/רָאָ֨ה]; ra'ah רָאָה [תִרְאֶ֤ה],"7200,7200",Leviticus 20:17,laqach לָקַח [יִקַּ֣ח]; nasa נָשָׂא [יִשָּֽׂא],"3947,5375",0,1,False,,False,
Leviticus,Leviticus 20:17,ra'ah רָאָה [וְ/רָאָ֨ה]; ra'ah רָאָה [תִרְאֶ֤ה],"7200,7200",Leviticus 20:19,nasa נָשָׂא [יִשָּֽׂאוּ],5375,2,2,False,,False,
Leviticus,Leviticus 20:17,ra'ah רָאָה [וְ/רָאָ֨ה]; ra'ah רָאָה [תִרְאֶ֤ה],"7200,7200",Leviticus 20:20,nasa נָשָׂא [יִשָּׂ֖אוּ],5375,3,3,False,,False,
Leviticus,Leviticus 20:17,ra'ah רָאָה [וְ/רָאָ֨ה]; ra'ah רָאָה [תִרְאֶ֤ה],"7200,7200",Leviticus 20:21,laqach לָקַח [יִקַּ֛ח],3947,4,3,False,,False,
Numbers,Numbers 4:20,ra'ah רָאָה [לִ/רְא֛וֹת],7200,Numbers 4:15,nasa נָשָׂא [לָ/שֵׂ֔את],5375,5,3,False,,False,
Numbers,Numbers 4:20,ra'ah רָאָה [לִ/רְא֛וֹת],7200,Numbers 4:22,nasa נָשָׂא [נָשֹׂ֗א],5375,2,2,False,,False,
Numbers,Numbers 4:20,ra'ah רָאָה [לִ/רְא֛וֹת],7200,Numbers 4:25,nasa נָשָׂא [וְ/נָ֨שְׂא֜וּ],5375,5,3,False,,False,
Numbers,Numbers 8:4,ra'ah רָאָה [הֶרְאָ֤ה],7200,Numbers 8:6,laqach לָקַח [קַ֚ח],3947,2,2,False,,False,
Numbers,Numbers 8:4,ra'ah רָאָה [הֶרְאָ֤ה],7200,Numbers 8:8,laqach לָקַח [וְ/לָֽקְחוּ֙]; laqach לָקַח [תִּקַּ֥ח],"3947,3947",4,3,False,,False,
Numbers,Numbers 11:15,ra'ah רָאָה [אֶרְאֶ֖ה],7200,Numbers 11:12,nasa נָשָׂא [שָׂאֵ֣/הוּ]; nasa נָשָׂא [יִשָּׂ֤א],"5375,5375",3,3,False,,False,
Numbers,Numbers 11:15,ra'ah רָאָה [אֶרְאֶ֖ה],7200,Numbers 11:14,nasa נָשָׂא [לָ/שֵׂ֖את],5375,1,2,False,,False,
Numbers,Numbers 11:15,ra'ah רָאָה [אֶרְאֶ֖ה],7200,Numbers 11:16,laqach לָקַח [וְ/לָקַחְתָּ֤],3947,1,2,False,,False,
Numbers,Numbers 11:15,ra'ah רָאָה [אֶרְאֶ֖ה],7200,Numbers 11:17,nasa נָשָׂא [וְ/נָשְׂא֤וּ]; nasa נָשָׂא [תִשָּׂ֥א],"5375,5375",2,2,False,,False,
Numbers,Numbers 13:18,ra'ah רָאָה [וּ/רְאִיתֶ֥ם],7200,Numbers 13:20,laqach לָקַח [וּ/לְקַחְתֶּ֖ם],3947,2,2,False,,False,
Numbers,Numbers 13:18,ra'ah רָאָה [וּ/רְאִיתֶ֥ם],7200,Numbers 13:23,nasa נָשָׂא [וַ/יִּשָּׂאֻ֥/הוּ],5375,5,3,False,,False,
Numbers,Numbers 13:26,ra'ah רָאָה [וַ/יַּרְא֖וּ/ם],7200,Numbers 13:23,nasa נָשָׂא [וַ/יִּשָּׂאֻ֥/הוּ],5375,3,3,False,,False,
Numbers,Numbers 13:28,ra'ah רָאָה [רָאִ֥ינוּ],7200,Numbers 13:23,nasa נָשָׂא [וַ/יִּשָּׂאֻ֥/הוּ],5375,5,3,False,,False,
Numbers,Numbers 13:32,ra'ah רָאָה [רָאִ֥ינוּ],7200,Numbers 14:1,nasa נָשָׂא [וַ/תִּשָּׂא֙],5375,2,2,False,,False,
Numbers,Numbers 13:33,ra'ah רָאָה [רָאִ֗ינוּ],7200,Numbers 14:1,nasa נָשָׂא [וַ/תִּשָּׂא֙],5375,1,2,False,,False,
Numbers,Numbers 14:14,ra'ah רָאָה [נִרְאָ֣ה],7200,Numbers 14:18,nasa נָשָׂא [נֹשֵׂ֥א],5375,4,3,False,,False,
Numbers,Numbers 14:14,ra'ah רָאָה [נִרְאָ֣ה],7200,Numbers 14:19,nasa נָשָׂא [נָשָׂ֨אתָה֙],5375,5,3,False,,False,
Numbers,Numbers 14:22,ra'ah רָאָה [הָ/רֹאִ֤ים],7200,Numbers 14:18,nasa נָשָׂא [נֹשֵׂ֥א],5375,4,3,False,,False,
Numbers,Numbers 14:23,ra'ah רָאָה [יִרְאוּ֙]; ra'ah רָאָה [יִרְאֽוּ/הָ],"7200,7200",Numbers 14:18,nasa נָשָׂא [נֹשֵׂ֥א],5375,5,3,False,,False,
Numbers,Numbers 14:22,ra'ah רָאָה [הָ/רֹאִ֤ים],7200,Numbers 14:19,nasa נָשָׂא [נָשָׂ֨אתָה֙],5375,3,3,False,,False,
Numbers,Numbers 14:23,ra'ah רָאָה [יִרְאוּ֙]; ra'ah רָאָה [יִרְאֽוּ/הָ],"7200,7200",Numbers 14:19,nasa נָשָׂא [נָשָׂ֨אתָה֙],5375,4,3,False,,False,
Numbers,Numbers 15:39,ra'ah רָאָה [וּ/רְאִיתֶ֣ם],7200,Numbers 16:1,laqach לָקַח [וַ/יִּקַּ֣ח],3947,3,3,False,,False,
Numbers,Numbers 15:39,ra'ah רָאָה [וּ/רְאִיתֶ֣ם],7200,Numbers 16:3,nasa נָשָׂא [תִּֽתְנַשְּׂא֖וּ],5375,5,3,False,,False,
Numbers,Numbers 16:19,ra'ah רָאָה [וַ/יֵּרָ֥א],7200,Numbers 16:15,nasa נָשָׂא [נָשָׂ֔אתִי],5375,4,3,False,,False,
Numbers,Numbers 16:19,ra'ah רָאָה [וַ/יֵּרָ֥א],7200,Numbers 16:17,laqach לָקַח [וּ/קְח֣וּ],3947,2,2,False,,False,
Numbers,Numbers 16:19,ra'ah רָאָה [וַ/יֵּרָ֥א],7200,Numbers 16:18,laqach לָקַח [וַ/יִּקְח֞וּ],3947,1,2,False,,False,
Numbers,Numbers 17:7,ra'ah רָאָה [וַ/יֵּרָ֖א],7200,Numbers 17:4,laqach לָקַח [וַ/יִּקַּ֞ח],3947,3,3,False,,False,
Numbers,Numbers 17:7,ra'ah רָאָה [וַ/יֵּרָ֖א],7200,Numbers 17:11,laqach לָקַח [קַ֣ח],3947,4,3,False,,False,
Numbers,Numbers 17:7,ra'ah רָאָה [וַ/יֵּרָ֖א],7200,Numbers 17:12,laqach לָקַח [וַ/יִּקַּ֨ח],3947,5,3,False,,False,
Numbers,Numbers 17:24,ra'ah רָאָה [וַ/יִּרְא֥וּ],7200,Numbers 17:24,laqach לָקַח [וַ/יִּקְח֖וּ],3947,0,1,False,,False,
Numbers,Numbers 17:24,ra'ah רָאָה [וַ/יִּרְא֥וּ],7200,Numbers 18:1,nasa נָשָׂא [תִּשְׂא֖וּ]; nasa נָשָׂא [תִּשְׂא֖וּ],"5375,5375",5,3,False,,False,
Numbers,Numbers 20:6,ra'ah רָאָה [וַ/יֵּרָ֥א],7200,Numbers 20:8,laqach לָקַח [קַ֣ח],3947,2,2,False,,False,
Numbers,Numbers 20:6,ra'ah רָאָה [וַ/יֵּרָ֥א],7200,Numbers 20:9,laqach לָקַח [וַ/יִּקַּ֥ח],3947,3,3,False,,False,
Numbers,Numbers 20:29,ra'ah רָאָה [וַ/יִּרְאוּ֙],7200,Numbers 20:25,laqach לָקַח [קַ֚ח],3947,4,3,False,,False,
Numbers,Numbers 21:20,shaqaph שָׁקַף [וְ/נִשְׁקָ֖פָה],8259,Numbers 21:25,laqach לָקַח [וַ/יִּקַּח֙],3947,5,3,False,,False,
Numbers,Numbers 22:2,ra'ah רָאָה [וַ/יַּ֥רְא],7200,Numbers 21:32,lakad לָכַד [וַֽ/יִּלְכְּד֖וּ],3920,5,3,False,,False,
Numbers,Numbers 22:41,ra'ah רָאָה [וַ/יַּ֥רְא],7200,Numbers 22:41,laqach לָקַח [וַ/יִּקַּ֤ח],3947,0,1,False,,False,
Numbers,Numbers 23:3,ra'ah רָאָה [יַּרְאֵ֖/נִי],7200,Numbers 22:41,laqach לָקַח [וַ/יִּקַּ֤ח],3947,3,3,False,,False,
Numbers,Numbers 23:3,ra'ah רָאָה [יַּרְאֵ֖/נִי],7200,Numbers 23:7,nasa נָשָׂא [וַ/יִּשָּׂ֥א],5375,4,3,False,,False,
Numbers,Numbers 23:9,ra'ah רָאָה [אֶרְאֶ֔/נּוּ]; shur שׁוּר [אֲשׁוּרֶ֑/נּוּ],"7200,7789",Numbers 23:7,nasa נָשָׂא [וַ/יִּשָּׂ֥א],5375,2,2,False,,False,
Numbers,Numbers 23:9,ra'ah רָאָה [אֶרְאֶ֔/נּוּ]; shur שׁוּר [אֲשׁוּרֶ֑/נּוּ],"7200,7789",Numbers 23:11,laqach לָקַח [לְקַחְתִּ֔י/ךָ],3947,2,2,False,,False,
Numbers,Numbers 23:9,ra'ah רָאָה [אֶרְאֶ֔/נּוּ]; shur שׁוּר [אֲשׁוּרֶ֑/נּוּ],"7200,7789",Numbers 23:14,laqach לָקַח [וַ/יִּקָּחֵ֨/הוּ֙],3947,5,3,False,,False,
Numbers,Numbers 23:13,ra'ah רָאָה [תִּרְאֶ֣/נּוּ]; ra'ah רָאָה [תִרְאֶ֔ה]; ra'ah רָאָה [תִרְאֶ֑ה],"7200,7200,7200",Numbers 23:11,laqach לָקַח [לְקַחְתִּ֔י/ךָ],3947,2,2,False,,False,
Numbers,Numbers 23:13,ra'ah רָאָה [תִּרְאֶ֣/נּוּ]; ra'ah רָאָה [תִרְאֶ֔ה]; ra'ah רָאָה [תִרְאֶ֑ה],"7200,7200,7200",Numbers 23:14,laqach לָקַח [וַ/יִּקָּחֵ֨/הוּ֙],3947,1,2,False,,False,
Numbers,Numbers 23:13,ra'ah רָאָה [תִּרְאֶ֣/נּוּ]; ra'ah רָאָה [תִרְאֶ֔ה]; ra'ah רָאָה [תִרְאֶ֑ה],"7200,7200,7200",Numbers 23:18,nasa נָשָׂא [וַ/יִּשָּׂ֥א],5375,5,3,False,,False,
Numbers,Numbers 23:21,nabat נָבַט [הִבִּ֥יט]; ra'ah רָאָה [רָאָ֥ה],"5027,7200",Numbers 23:18,nasa נָשָׂא [וַ/יִּשָּׂ֥א],5375,3,3,False,,False,
Numbers,Numbers 23:21,nabat נָבַט [הִבִּ֥יט]; ra'ah רָאָה [רָאָ֥ה],"5027,7200",Numbers 23:20,laqach לָקַח [לָקָ֑חְתִּי],3947,1,2,False,,False,
Numbers,Numbers 23:21,nabat נָבַט [הִבִּ֥יט]; ra'ah רָאָה [רָאָ֥ה],"5027,7200",Numbers 23:24,nasa נָשָׂא [יִתְנַשָּׂ֑א],5375,3,3,False,,False,
Numbers,Numbers 23:28,shaqaph שָׁקַף [הַ/נִּשְׁקָ֖ף],8259,Numbers 23:24,nasa נָשָׂא [יִתְנַשָּׂ֑א],5375,4,3,False,,False,
Numbers,Numbers 23:28,shaqaph שָׁקַף [הַ/נִּשְׁקָ֖ף],8259,Numbers 23:27,laqach לָקַח [אֶקָּ֣חֲ/ךָ֔],3947,1,2,False,,False,
Numbers,Numbers 24:1,ra'ah רָאָה [וַ/יַּ֣רְא],7200,Numbers 23:27,laqach לָקַח [אֶקָּ֣חֲ/ךָ֔],3947,4,3,False,,False,
Numbers,Numbers 24:2,ra'ah רָאָה [וַ/יַּרְא֙],7200,Numbers 23:27,laqach לָקַח [אֶקָּ֣חֲ/ךָ֔],3947,5,3,False,,False,
Numbers,Numbers 23:28,shaqaph שָׁקַף [הַ/נִּשְׁקָ֖ף],8259,Numbers 23:28,laqach לָקַח [וַ/יִּקַּ֥ח],3947,0,1,False,,False,
Numbers,Numbers 24:1,ra'ah רָאָה [וַ/יַּ֣רְא],7200,Numbers 23:28,laqach לָקַח [וַ/יִּקַּ֥ח],3947,3,3,False,,False,
Numbers,Numbers 24:2,ra'ah רָאָה [וַ/יַּרְא֙],7200,Numbers 23:28,laqach לָקַח [וַ/יִּקַּ֥ח],3947,4,3,False,,False,
Numbers,Numbers 23:28,shaqaph שָׁקַף [הַ/נִּשְׁקָ֖ף],8259,Numbers 24:2,nasa נָשָׂא [וַ/יִּשָּׂ֨א],5375,4,3,False,,True,
Numbers,Numbers 23:28,shaqaph שָׁקַף [הַ/נִּשְׁקָ֖ף],8259,Numbers 24:3,nasa נָשָׂא [וַ/יִּשָּׂ֥א],5375,5,3,False,,True,
Numbers,Numbers 24:1,ra'ah רָאָה [וַ/יַּ֣רְא],7200,Numbers 24:2,nasa נָשָׂא [וַ/יִּשָּׂ֨א],5375,1,2,False,,True,
Numbers,Numbers 24:1,ra'ah רָאָה [וַ/יַּ֣רְא],7200,Numbers 24:3,nasa נָשָׂא [וַ/יִּשָּׂ֥א],5375,2,2,False,,True,
Numbers,Numbers 24:2,ra'ah רָאָה [וַ/יַּרְא֙],7200,Numbers 24:2,nasa נָשָׂא [וַ/יִּשָּׂ֨א],5375,0,1,False,,True,
Numbers,Numbers 24:4,chazah חָזָה [יֶֽחֱזֶ֔ה],2372,Numbers 24:2,nasa נָשָׂא [וַ/יִּשָּׂ֨א],5375,2,2,False,,True,
Numbers,Numbers 24:2,ra'ah רָאָה [וַ/יַּרְא֙],7200,Numbers 24:3,nasa נָשָׂא [וַ/יִּשָּׂ֥א],5375,1,2,False,,True,
Numbers,Numbers 24:2,ra'ah רָאָה [וַ/יַּרְא֙],7200,Numbers 24:7,nasa נָשָׂא [וְ/תִנַּשֵּׂ֖א],5375,5,3,False,,False,
Numbers,Numbers 24:4,chazah חָזָה [יֶֽחֱזֶ֔ה],2372,Numbers 24:3,nasa נָשָׂא [וַ/יִּשָּׂ֥א],5375,1,2,False,,True,
Numbers,Numbers 24:4,chazah חָזָה [יֶֽחֱזֶ֔ה],2372,Numbers 24:7,nasa נָשָׂא [וְ/תִנַּשֵּׂ֖א],5375,3,3,False,,False,
Numbers,Numbers 24:16,chazah חָזָה [יֶֽחֱזֶ֔ה],2372,Numbers 24:15,nasa נָשָׂא [וַ/יִּשָּׂ֥א],5375,1,2,False,,True,
Numbers,Numbers 24:17,ra'ah רָאָה [אֶרְאֶ֨/נּוּ֙]; shur שׁוּר [אֲשׁוּרֶ֖/נּוּ],"7200,7789",Numbers 24:15,nasa נָשָׂא [וַ/יִּשָּׂ֥א],5375,2,2,False,,True,
Numbers,Numbers 24:20,ra'ah רָאָה [וַ/יַּרְא֙],7200,Numbers 24:15,nasa נָשָׂא [וַ/יִּשָּׂ֥א],5375,5,3,False,,True,
Numbers,Numbers 24:16,chazah חָזָה [יֶֽחֱזֶ֔ה],2372,Numbers 24:20,nasa נָשָׂא [וַ/יִּשָּׂ֥א],5375,4,3,False,,False,
Numbers,Numbers 24:16,chazah חָזָה [יֶֽחֱזֶ֔ה],2372,Numbers 24:21,nasa נָשָׂא [וַ/יִּשָּׂ֥א],5375,5,3,False,,False,
Numbers,Numbers 24:17,ra'ah רָאָה [אֶרְאֶ֨/נּוּ֙]; shur שׁוּר [אֲשׁוּרֶ֖/נּוּ],"7200,7789",Numbers 24:20,nasa נָשָׂא [וַ/יִּשָּׂ֥א],5375,3,3,False,,False,
Numbers,Numbers 24:17,ra'ah רָאָה [אֶרְאֶ֨/נּוּ֙]; shur שׁוּר [אֲשׁוּרֶ֖/נּוּ],"7200,7789",Numbers 24:21,nasa נָשָׂא [וַ/יִּשָּׂ֥א],5375,4,3,False,,False,
Numbers,Numbers 24:20,ra'ah רָאָה [וַ/יַּרְא֙],7200,Numbers 24:20,nasa נָשָׂא [וַ/יִּשָּׂ֥א],5375,0,1,False,,False,
Numbers,Numbers 24:21,ra'ah רָאָה [וַ/יַּרְא֙],7200,Numbers 24:20,nasa נָשָׂא [וַ/יִּשָּׂ֥א],5375,1,2,False,,False,
Numbers,Numbers 24:20,ra'ah רָאָה [וַ/יַּרְא֙],7200,Numbers 24:21,nasa נָשָׂא [וַ/יִּשָּׂ֥א],5375,1,2,False,,False,
Numbers,Numbers 24:20,ra'ah רָאָה [וַ/יַּרְא֙],7200,Numbers 24:23,nasa נָשָׂא [וַ/יִּשָּׂ֥א],5375,3,3,False,,False,
Numbers,Numbers 24:21,ra'ah רָאָה [וַ/יַּרְא֙],7200,Numbers 24:21,nasa נָשָׂא [וַ/יִּשָּׂ֥א],5375,0,1,False,,False,
Numbers,Numbers 24:21,ra'ah רָאָה [וַ/יַּרְא֙],7200,Numbers 24:23,nasa נָשָׂא [וַ/יִּשָּׂ֥א],5375,2,2,False,,False,
Numbers,Numbers 25:7,ra'ah רָאָה [וַ/יַּ֗רְא],7200,Numbers 25:4,laqach לָקַח [קַ֚ח],3947,3,3,False,,False,
Numbers,Numbers 25:7,ra'ah רָאָה [וַ/יַּ֗רְא],7200,Numbers 25:7,laqach לָקַח [וַ/יִּקַּ֥ח],3947,0,1,False,,False,
Numbers,Numbers 27:13,ra'ah רָאָה [וְ/רָאִ֣יתָה],7200,Numbers 27:18,laqach לָקַח [קַח],3947,5,3,False,,False,
Numbers,Numbers 32:1,ra'ah רָאָה [וַ/יִּרְא֞וּ],7200,Numbers 31:51,laqach לָקַח [וַ/יִּקַּ֨ח],3947,4,3,False,,False,
Numbers,Numbers 32:1,ra'ah רָאָה [וַ/יִּרְא֞וּ],7200,Numbers 31:54,laqach לָקַח [וַ/יִּקַּ֨ח],3947,1,2,False,,False,
Deuteronomy,Deuteronomy 1:8,ra'ah רָאָה [רְאֵ֛ה],7200,Deuteronomy 1:9,nasa נָשָׂא [שְׂאֵ֥ת],5375,1,2,False,,False,
Deuteronomy,Deuteronomy 1:8,ra'ah רָאָה [רְאֵ֛ה],7200,Deuteronomy 1:12,nasa נָשָׂא [אֶשָּׂ֖א],5375,4,3,False,,False,
Deuteronomy,Deuteronomy 1:19,ra'ah רָאָה [רְאִיתֶ֗ם],7200,Deuteronomy 1:15,laqach לָקַח [וָ/אֶקַּ֞ח],3947,4,3,False,,False,
Deuteronomy,Deuteronomy 1:19,ra'ah רָאָה [רְאִיתֶ֗ם],7200,Deuteronomy 1:23,laqach לָקַח [וָ/אֶקַּ֤ח],3947,4,3,False,,False,
Deuteronomy,Deuteronomy 1:21,ra'ah רָאָה [רְ֠אֵה],7200,Deuteronomy 1:23,laqach לָקַח [וָ/אֶקַּ֤ח],3947,2,2,False,,False,
Deuteronomy,Deuteronomy 1:21,ra'ah רָאָה [רְ֠אֵה],7200,Deuteronomy 1:25,laqach לָקַח [וַ/יִּקְח֤וּ],3947,4,3,False,,False,
Deuteronomy,Deuteronomy 1:28,ra'ah רָאָה [רָאִ֥ינוּ],7200,Deuteronomy 1:23,laqach לָקַח [וָ/אֶקַּ֤ח],3947,5,3,False,,False,
Deuteronomy,Deuteronomy 1:28,ra'ah רָאָה [רָאִ֥ינוּ],7200,Deuteronomy 1:25,laqach לָקַח [וַ/יִּקְח֤וּ],3947,3,3,False,,False,
Deuteronomy,Deuteronomy 1:28,ra'ah רָאָה [רָאִ֥ינוּ],7200,Deuteronomy 1:31,nasa נָשָׂא [נְשָׂאֲ/ךָ֙]; nasa נָשָׂא [יִשָּׂא],"5375,5375",3,3,False,,False,
Deuteronomy,Deuteronomy 1:31,ra'ah רָאָה [רָאִ֔יתָ],7200,Deuteronomy 1:31,nasa נָשָׂא [נְשָׂאֲ/ךָ֙]; nasa נָשָׂא [יִשָּׂא],"5375,5375",0,1,False,,False,
Deuteronomy,Deuteronomy 1:33,ra'ah רָאָה [לַ/רְאֹֽתְ/כֶם֙],7200,Deuteronomy 1:31,nasa נָשָׂא [נְשָׂאֲ/ךָ֙]; nasa נָשָׂא [יִשָּׂא],"5375,5375",2,2,False,,False,
Deuteronomy,Deuteronomy 1:35,ra'ah רָאָה [יִרְאֶ֥ה],7200,Deuteronomy 1:31,nasa נָשָׂא [נְשָׂאֲ/ךָ֙]; nasa נָשָׂא [יִשָּׂא],"5375,5375",4,3,False,,False,
Deuteronomy,Deuteronomy 1:36,ra'ah רָאָה [יִרְאֶ֔/נָּה],7200,Deuteronomy 1:31,nasa נָשָׂא [נְשָׂאֲ/ךָ֙]; nasa נָשָׂא [יִשָּׂא],"5375,5375",5,3,False,,False,
Deuteronomy,Deuteronomy 2:31,ra'ah רָאָה [רְאֵ֗ה],7200,Deuteronomy 2:34,lakad לָכַד [וַ/נִּלְכֹּ֤ד],3920,3,3,False,,False,
Deuteronomy,Deuteronomy 2:31,ra'ah רָאָה [רְאֵ֗ה],7200,Deuteronomy 2:35,lakad לָכַד [לָכָֽדְנוּ],3920,4,3,False,,False,
Deuteronomy,Deuteronomy 3:24,ra'ah רָאָה [לְ/הַרְא֣וֹת],7200,Deuteronomy 3:27,nasa נָשָׂא [וְ/שָׂ֥א],5375,3,3,False,,True,
Deuteronomy,Deuteronomy 3:25,ra'ah רָאָה [וְ/אֶרְאֶה֙],7200,Deuteronomy 3:27,nasa נָשָׂא [וְ/שָׂ֥א],5375,2,2,False,,True,
Deuteronomy,Deuteronomy 3:27,ra'ah רָאָה [וּ/רְאֵ֣ה],7200,Deuteronomy 3:27,nasa נָשָׂא [וְ/שָׂ֥א],5375,0,1,False,,True,
Deuteronomy,Deuteronomy 3:28,ra'ah רָאָה [תִּרְאֶֽה],7200,Deuteronomy 3:27,nasa נָשָׂא [וְ/שָׂ֥א],5375,1,2,False,,True,
Deuteronomy,Deuteronomy 4:3,ra'ah רָאָה [הָֽ/רֹאֹ֔ת],7200,Deuteronomy 3:27,nasa נָשָׂא [וְ/שָׂ֥א],5375,5,3,False,,True,
Deuteronomy,Deuteronomy 4:15,ra'ah רָאָה [רְאִיתֶם֙],7200,Deuteronomy 4:19,nasa נָשָׂא [תִּשָּׂ֨א],5375,4,3,False,,True,
Deuteronomy,Deuteronomy 4:15,ra'ah רָאָה [רְאִיתֶם֙],7200,Deuteronomy 4:20,laqach לָקַח [לָקַ֣ח],3947,5,3,False,,False,
Deuteronomy,Deuteronomy 4:19,ra'ah רָאָה [וְֽ֠/רָאִיתָ],7200,Deuteronomy 4:19,nasa נָשָׂא [תִּשָּׂ֨א],5375,0,1,False,,True,
Deuteronomy,Deuteronomy 4:19,ra'ah רָאָה [וְֽ֠/רָאִיתָ],7200,Deuteronomy 4:20,laqach לָקַח [לָקַ֣ח],3947,1,2,False,,False,
Deuteronomy,Deuteronomy 4:35,ra'ah רָאָה [הָרְאֵ֣תָ],7200,Deuteronomy 4:34,laqach לָקַח [לָ/קַ֨חַת],3947,1,2,False,,False,
Deuteronomy,Deuteronomy 4:36,ra'ah רָאָה [הֶרְאֲ/ךָ֙],7200,Deuteronomy 4:34,laqach לָקַח [לָ/קַ֨חַת],3947,2,2,False,,False,
Deuteronomy,Deuteronomy 9:13,ra'ah רָאָה [רָאִ֨יתִי֙],7200,Deuteronomy 9:9,laqach לָקַח [לָ/קַ֜חַת],3947,4,3,False,,False,
Deuteronomy,Deuteronomy 9:13,ra'ah רָאָה [רָאִ֨יתִי֙],7200,Deuteronomy 9:17,taphas תָּפַשׂ [וָ/אֶתְפֹּשׂ֙],8610,4,3,False,,False,
Deuteronomy,Deuteronomy 9:16,ra'ah רָאָה [וָ/אֵ֗רֶא],7200,Deuteronomy 9:17,taphas תָּפַשׂ [וָ/אֶתְפֹּשׂ֙],8610,1,2,False,,False,
Deuteronomy,Deuteronomy 9:16,ra'ah רָאָה [וָ/אֵ֗רֶא],7200,Deuteronomy 9:21,laqach לָקַח [לָקַחְתִּי֮],3947,5,3,False,,False,
Deuteronomy,Deuteronomy 10:21,ra'ah רָאָה [רָא֖וּ],7200,Deuteronomy 10:17,nasa נָשָׂא [יִשָּׂ֣א]; laqach לָקַח [יִקַּ֖ח],"5375,3947",4,3,False,,False,
Deuteronomy,Deuteronomy 16:16,ra'ah רָאָה [יֵרָאֶ֨ה]; ra'ah רָאָה [יֵרָאֶ֛ה],"7200,7200",Deuteronomy 16:19,laqach לָקַח [תִקַּ֣ח],3947,3,3,False,,False,
Deuteronomy,Deuteronomy 21:7,ra'ah רָאָה [רָאֽוּ],7200,Deuteronomy 21:3,laqach לָקַח [וְ/לָֽקְח֡וּ],3947,4,3,False,,False,
Deuteronomy,Deuteronomy 21:7,ra'ah רָאָה [רָאֽוּ],7200,Deuteronomy 21:11,laqach לָקַח [וְ/לָקַחְתָּ֥],3947,4,3,True,chashaq חָשַׁק (Deuteronomy 21:11),False,
Deuteronomy,Deuteronomy 21:11,ra'ah רָאָה [וְ/רָאִיתָ֙],7200,Deuteronomy 21:11,laqach לָקַח [וְ/לָקַחְתָּ֥],3947,0,1,True,chashaq חָשַׁק (Deuteronomy 21:11),False,
Deuteronomy,Deuteronomy 22:1,ra'ah רָאָה [תִרְאֶה֩],7200,Deuteronomy 21:19,taphas תָּפַשׂ [וְ/תָ֥פְשׂוּ],8610,5,3,False,,False,
Deuteronomy,Deuteronomy 22:1,ra'ah רָאָה [תִרְאֶה֩],7200,Deuteronomy 22:6,laqach לָקַח [תִקַּ֥ח],3947,5,3,False,,False,
Deuteronomy,Deuteronomy 22:4,ra'ah רָאָה [תִרְאֶה֩],7200,Deuteronomy 22:6,laqach לָקַח [תִקַּ֥ח],3947,2,2,False,,False,
Deuteronomy,Deuteronomy 22:4,ra'ah רָאָה [תִרְאֶה֩],7200,Deuteronomy 22:7,laqach לָקַח [תִּֽקַּֽח],3947,3,3,False,,False,
Deuteronomy,Deuteronomy 26:7,ra'ah רָאָה [וַ/יַּ֧רְא],7200,Deuteronomy 26:2,laqach לָקַח [וְ/לָקַחְתָּ֞],3947,5,3,False,,False,
Deuteronomy,Deuteronomy 26:7,ra'ah רָאָה [וַ/יַּ֧רְא],7200,Deuteronomy 26:4,laqach לָקַח [וְ/לָקַ֧ח],3947,3,3,False,,False,
Deuteronomy,Deuteronomy 28:32,ra'ah רָאָה [רֹא֔וֹת],7200,Deuteronomy 28:29,gazal גָּזַל [וְ/גָז֛וּל],1497,3,3,False,,False,
Deuteronomy,Deuteronomy 28:34,ra'ah רָאָה [תִּרְאֶֽה],7200,Deuteronomy 28:29,gazal גָּזַל [וְ/גָז֛וּל],1497,5,3,False,,False,
Deuteronomy,Deuteronomy 28:32,ra'ah רָאָה [רֹא֔וֹת],7200,Deuteronomy 28:31,gazal גָּזַל [גָּז֣וּל],1497,1,2,False,,False,
Deuteronomy,Deuteronomy 28:34,ra'ah רָאָה [תִּרְאֶֽה],7200,Deuteronomy 28:31,gazal גָּזַל [גָּז֣וּל],1497,3,3,False,,False,
Deuteronomy,Deuteronomy 29:2,ra'ah רָאָה [רָא֖וּ],7200,Deuteronomy 29:7,laqach לָקַח [וַ/נִּקַּח֙],3947,5,3,False,,False,
Deuteronomy,Deuteronomy 29:3,ra'ah רָאָה [לִ/רְא֖וֹת],7200,Deuteronomy 29:7,laqach לָקַח [וַ/נִּקַּח֙],3947,4,3,False,,False,
Deuteronomy,Deuteronomy 30:15,ra'ah רָאָה [רְאֵ֨ה],7200,Deuteronomy 30:12,laqach לָקַח [וְ/יִקָּחֶ֣/הָ],3947,3,3,False,,False,
Deuteronomy,Deuteronomy 30:15,ra'ah רָאָה [רְאֵ֨ה],7200,Deuteronomy 30:13,laqach לָקַח [וְ/יִקָּחֶ֣/הָ],3947,2,2,False,,False,
Deuteronomy,Deuteronomy 31:11,ra'ah רָאָה [לֵ/רָאוֹת֙],7200,Deuteronomy 31:9,nasa נָשָׂא [הַ/נֹּ֣שְׂאִ֔ים],5375,2,2,False,,False,
Deuteronomy,Deuteronomy 32:36,ra'ah רָאָה [יִרְאֶה֙],7200,Deuteronomy 32:40,nasa נָשָׂא [אֶשָּׂ֥א],5375,4,3,False,,False,
Deuteronomy,Deuteronomy 32:36,ra'ah רָאָה [יִרְאֶה֙],7200,Deuteronomy 32:41,achaz אָחַז [וְ/תֹאחֵ֥ז],270,5,3,False,,False,
Deuteronomy,Deuteronomy 32:39,ra'ah רָאָה [רְא֣וּ],7200,Deuteronomy 32:40,nasa נָשָׂא [אֶשָּׂ֥א],5375,1,2,False,,False,
Deuteronomy,Deuteronomy 32:39,ra'ah רָאָה [רְא֣וּ],7200,Deuteronomy 32:41,achaz אָחַז [וְ/תֹאחֵ֥ז],270,2,2,False,,False,
Deuteronomy,Deuteronomy 32:52,ra'ah רָאָה [תִּרְאֶ֣ה],7200,Deuteronomy 33:3,nasa נָשָׂא [יִשָּׂ֖א],5375,3,3,False,,False,
Joshua,Joshua 2:1,ra'ah רָאָה [רְא֥וּ],7200,Joshua 2:4,laqach לָקַח [וַ/תִּקַּ֧ח],3947,3,3,False,,False,
Joshua,Joshua 3:3,ra'ah רָאָה [כִּ/רְאֽוֹתְ/כֶ֗ם],7200,Joshua 3:3,nasa נָשָׂא [נֹשְׂאִ֖ים],5375,0,1,False,,False,
Joshua,Joshua 3:3,ra'ah רָאָה [כִּ/רְאֽוֹתְ/כֶ֗ם],7200,Joshua 3:6,nasa נָשָׂא [שְׂאוּ֙]; nasa נָשָׂא [וַ/יִּשְׂאוּ֙],"5375,5375",3,3,False,,False,
Joshua,Joshua 3:3,ra'ah רָאָה [כִּ/רְאֽוֹתְ/כֶ֗ם],7200,Joshua 3:8,nasa נָשָׂא [נֹשְׂאֵ֥י],5375,5,3,False,,False,
Joshua,Joshua 5:13,ra'ah רָאָה [וַ/יַּ֔רְא],7200,Joshua 5:13,nasa נָשָׂא [וַ/יִּשָּׂ֤א],5375,0,1,False,,True,
Joshua,Joshua 6:2,ra'ah רָאָה [רְאֵה֙],7200,Joshua 5:13,nasa נָשָׂא [וַ/יִּשָּׂ֤א],5375,4,3,False,,True,
Joshua,Joshua 6:2,ra'ah רָאָה [רְאֵה֙],7200,Joshua 6:4,nasa נָשָׂא [יִשְׂאוּ֩],5375,2,2,False,,False,
Joshua,Joshua 6:2,ra'ah רָאָה [רְאֵה֙],7200,Joshua 6:6,nasa נָשָׂא [שְׂא֖וּ]; nasa נָשָׂא [יִשְׂאוּ֙],"5375,5375",4,3,False,,False,
Joshua,Joshua 7:21,ra'ah רָאָה [ו/אראה]; ra'ah רָאָה [וָ/אֵ֣רֶא],"7200,7200",Joshua 7:16,lakad לָכַד [וַ/יִּלָּכֵ֖ד],3920,5,3,True,chamad חָמַד (Joshua 7:21),False,
Joshua,Joshua 7:21,ra'ah רָאָה [ו/אראה]; ra'ah רָאָה [וָ/אֵ֣רֶא],"7200,7200",Joshua 7:17,lakad לָכַד [וַ/יִּלְכֹּ֕ד]; lakad לָכַד [וַ/יִּלָּכֵ֖ד],"3920,3920",4,3,True,chamad חָמַד (Joshua 7:21),False,
Joshua,Joshua 7:21,ra'ah רָאָה [ו/אראה]; ra'ah רָאָה [וָ/אֵ֣רֶא],"7200,7200",Joshua 7:18,lakad לָכַד [וַ/יִּלָּכֵ֗ד],3920,3,3,True,chamad חָמַד (Joshua 7:21),False,
Joshua,Joshua 7:21,ra'ah רָאָה [ו/אראה]; ra'ah רָאָה [וָ/אֵ֣רֶא],"7200,7200",Joshua 7:21,laqach לָקַח [וָֽ/אֶקָּחֵ֑/ם],3947,0,1,True,chamad חָמַד (Joshua 7:21),False,
Joshua,Joshua 7:21,ra'ah רָאָה [ו/אראה]; ra'ah רָאָה [וָ/אֵ֣רֶא],"7200,7200",Joshua 7:23,laqach לָקַח [וַ/יִּקָּחוּ/ם֙],3947,2,2,True,chamad חָמַד (Joshua 7:21),False,
Joshua,Joshua 7:21,ra'ah רָאָה [ו/אראה]; ra'ah רָאָה [וָ/אֵ֣רֶא],"7200,7200",Joshua 7:24,laqach לָקַח [וַ/יִּקַּ֣ח],3947,3,3,True,chamad חָמַד (Joshua 7:21),False,
Joshua,Joshua 8:1,ra'ah רָאָה [רְאֵ֣ה],7200,Joshua 7:23,laqach לָקַח [וַ/יִּקָּחוּ/ם֙],3947,4,3,False,,False,
Joshua,Joshua 8:1,ra'ah רָאָה [רְאֵ֣ה],7200,Joshua 7:24,laqach לָקַח [וַ/יִּקַּ֣ח],3947,3,3,False,,False,
Joshua,Joshua 8:1,ra'ah רָאָה [רְאֵ֣ה],7200,Joshua 8:1,laqach לָקַח [קַ֣ח],3947,0,1,False,,False,
Joshua,Joshua 8:4,ra'ah רָאָה [רְ֠אוּ],7200,Joshua 8:1,laqach לָקַח [קַ֣ח],3947,3,3,False,,False,
Joshua,Joshua 8:4,ra'ah רָאָה [רְ֠אוּ],7200,Joshua 8:8,taphas תָּפַשׂ [כְּ/תָפְשְׂ/כֶ֣ם],8610,4,3,False,,False,
Joshua,Joshua 8:8,ra'ah רָאָה [רְא֖וּ],7200,Joshua 8:8,taphas תָּפַשׂ [כְּ/תָפְשְׂ/כֶ֣ם],8610,0,1,False,,False,
Joshua,Joshua 8:8,ra'ah רָאָה [רְא֖וּ],7200,Joshua 8:12,laqach לָקַח [וַ/יִּקַּ֕ח],3947,4,3,False,,False,
Joshua,Joshua 8:14,ra'ah רָאָה [כִּ/רְא֣וֹת],7200,Joshua 8:12,laqach לָקַח [וַ/יִּקַּ֕ח],3947,2,2,False,,False,
Joshua,Joshua 8:14,ra'ah רָאָה [כִּ/רְא֣וֹת],7200,Joshua 8:19,lakad לָכַד [וַֽ/יִּלְכְּד֑וּ/הָ],3920,5,3,False,,False,
Joshua,Joshua 8:20,ra'ah רָאָה [וַ/יִּרְא֗וּ],7200,Joshua 8:19,lakad לָכַד [וַֽ/יִּלְכְּד֑וּ/הָ],3920,1,2,False,,False,
Joshua,Joshua 8:21,ra'ah רָאָה [רָא֗וּ],7200,Joshua 8:19,lakad לָכַד [וַֽ/יִּלְכְּד֑וּ/הָ],3920,2,2,False,,False,
Joshua,Joshua 8:20,ra'ah רָאָה [וַ/יִּרְא֗וּ],7200,Joshua 8:21,lakad לָכַד [לָכַ֤ד],3920,1,2,False,,False,
Joshua,Joshua 8:20,ra'ah רָאָה [וַ/יִּרְא֗וּ],7200,Joshua 8:23,taphas תָּפַשׂ [תָּ֣פְשׂוּ],8610,3,3,False,,False,
Joshua,Joshua 8:21,ra'ah רָאָה [רָא֗וּ],7200,Joshua 8:21,lakad לָכַד [לָכַ֤ד],3920,0,1,False,,False,
Joshua,Joshua 8:21,ra'ah רָאָה [רָא֗וּ],7200,Joshua 8:23,taphas תָּפַשׂ [תָּ֣פְשׂוּ],8610,2,2,False,,False,
Joshua,Joshua 24:7,ra'ah רָאָה [וַ/תִּרְאֶ֨ינָה֙],7200,Joshua 24:3,laqach לָקַח [וָ֠/אֶקַּח],3947,4,3,False,,False,
Judges,Judges 2:7,ra'ah רָאָה [רָא֗וּ],7200,Judges 2:4,nasa נָשָׂא [וַ/יִּשְׂא֥וּ],5375,3,3,False,,False,
Judges,Judges 3:24,ra'ah רָאָה [וַ/יִּרְא֕וּ],7200,Judges 3:21,laqach לָקַח [וַ/יִּקַּח֙],3947,3,3,False,,False,
Judges,Judges 3:24,ra'ah רָאָה [וַ/יִּרְא֕וּ],7200,Judges 3:25,laqach לָקַח [וַ/יִּקְח֤וּ],3947,1,2,False,,False,
Judges,Judges 3:24,ra'ah רָאָה [וַ/יִּרְא֕וּ],7200,Judges 3:28,lakad לָכַד [וַֽ/יִּלְכְּד֞וּ],3920,4,3,False,,False,
Judges,Judges 4:22,ra'ah רָאָה [וְ/אַרְאֶ֔/ךָּ],7200,Judges 4:21,laqach לָקַח [וַ/תִּקַּ֣ח],3947,1,2,False,,False,
Judges,Judges 6:22,ra'ah רָאָה [וַ/יַּ֣רְא]; ra'ah רָאָה [רָאִ֨יתִי֙],"7200,7200",Judges 6:20,laqach לָקַח [קַ֣ח],3947,2,2,False,,False,
Judges,Judges 6:22,ra'ah רָאָה [וַ/יַּ֣רְא]; ra'ah רָאָה [רָאִ֨יתִי֙],"7200,7200",Judges 6:25,laqach לָקַח [קַ֤ח],3947,3,3,False,,False,
Judges,Judges 6:22,ra'ah רָאָה [וַ/יַּ֣רְא]; ra'ah רָאָה [רָאִ֨יתִי֙],"7200,7200",Judges 6:26,laqach לָקַח [וְ/לָֽקַחְתָּ֙],3947,4,3,False,,False,
Judges,Judges 6:22,ra'ah רָאָה [וַ/יַּ֣רְא]; ra'ah רָאָה [רָאִ֨יתִי֙],"7200,7200",Judges 6:27,laqach לָקַח [וַ/יִּקַּ֨ח],3947,5,3,False,,False,
Judges,Judges 9:43,ra'ah רָאָה [וַ/יַּ֗רְא],7200,Judges 9:43,laqach לָקַח [וַ/יִּקַּ֣ח],3947,0,1,False,,False,
Judges,Judges 9:48,ra'ah רָאָה [רְאִיתֶם֙],7200,Judges 9:43,laqach לָקַח [וַ/יִּקַּ֣ח],3947,5,3,False,,False,
Judges,Judges 9:43,ra'ah רָאָה [וַ/יַּ֗רְא],7200,Judges 9:45,lakad לָכַד [וַ/יִּלְכֹּד֙],3920,2,2,False,,False,
Judges,Judges 9:43,ra'ah רָאָה [וַ/יַּ֗רְא],7200,Judges 9:48,laqach לָקַח [וַ/יִּקַּח֩]; nasa נָשָׂא [וַ/יִּ֨שָּׂאֶ֔/הָ],"3947,5375",5,3,False,,False,
Judges,Judges 9:48,ra'ah רָאָה [רְאִיתֶם֙],7200,Judges 9:45,lakad לָכַד [וַ/יִּלְכֹּד֙],3920,3,3,False,,False,
Judges,Judges 9:48,ra'ah רָאָה [רְאִיתֶם֙],7200,Judges 9:48,laqach לָקַח [וַ/יִּקַּח֩]; nasa נָשָׂא [וַ/יִּ֨שָּׂאֶ֔/הָ],"3947,5375",0,1,False,,False,
Judges,Judges 9:48,ra'ah רָאָה [רְאִיתֶם֙],7200,Judges 9:50,lakad לָכַד [וַֽ/יִּלְכְּדָֽ/הּ],3920,2,2,False,,False,
Judges,Judges 9:55,ra'ah רָאָה [וַ/יִּרְא֥וּ],7200,Judges 9:50,lakad לָכַד [וַֽ/יִּלְכְּדָֽ/הּ],3920,5,3,False,,False,
Judges,Judges 9:55,ra'ah רָאָה [וַ/יִּרְא֥וּ],7200,Judges 9:54,nasa נָשָׂא [נֹשֵׂ֣א],5375,1,2,False,,False,
Judges,Judges 12:3,ra'ah רָאָה [וָֽ/אֶרְאֶ֞ה],7200,Judges 12:5,lakad לָכַד [וַ/יִּלְכֹּ֥ד],3920,2,2,False,,False,
Judges,Judges 12:3,ra'ah רָאָה [וָֽ/אֶרְאֶ֞ה],7200,Judges 12:6,achaz אָחַז [וַ/יֹּאחֲז֣וּ],270,3,3,False,,False,
Judges,Judges 13:19,ra'ah רָאָה [רֹאִֽים],7200,Judges 13:19,laqach לָקַח [וַ/יִּקַּ֨ח],3947,0,1,False,,False,
Judges,Judges 13:20,ra'ah רָאָה [רֹאִ֔ים],7200,Judges 13:19,laqach לָקַח [וַ/יִּקַּ֨ח],3947,1,2,False,,False,
Judges,Judges 13:21,ra'ah רָאָה [לְ/הֵרָאֹ֖ה],7200,Judges 13:19,laqach לָקַח [וַ/יִּקַּ֨ח],3947,2,2,False,,False,
Judges,Judges 13:22,ra'ah רָאָה [רָאִֽינוּ],7200,Judges 13:19,laqach לָקַח [וַ/יִּקַּ֨ח],3947,3,3,False,,False,
Judges,Judges 13:23,ra'ah רָאָה [הֶרְאָ֖/נוּ],7200,Judges 13:19,laqach לָקַח [וַ/יִּקַּ֨ח],3947,4,3,False,,False,
Judges,Judges 13:19,ra'ah רָאָה [רֹאִֽים],7200,Judges 13:23,laqach לָקַח [לָקַ֤ח],3947,4,3,False,,False,
Judges,Judges 13:20,ra'ah רָאָה [רֹאִ֔ים],7200,Judges 13:23,laqach לָקַח [לָקַ֤ח],3947,3,3,False,,False,
Judges,Judges 13:21,ra'ah רָאָה [לְ/הֵרָאֹ֖ה],7200,Judges 13:23,laqach לָקַח [לָקַ֤ח],3947,2,2,False,,False,
Judges,Judges 13:22,ra'ah רָאָה [רָאִֽינוּ],7200,Judges 13:23,laqach לָקַח [לָקַ֤ח],3947,1,2,False,,False,
Judges,Judges 13:22,ra'ah רָאָה [רָאִֽינוּ],7200,Judges 14:2,laqach לָקַח [קְחוּ],3947,5,3,False,,False,
Judges,Judges 13:23,ra'ah רָאָה [הֶרְאָ֖/נוּ],7200,Judges 13:23,laqach לָקַח [לָקַ֤ח],3947,0,1,False,,False,
Judges,Judges 14:1,ra'ah רָאָה [וַ/יַּ֥רְא],7200,Judges 13:23,laqach לָקַח [לָקַ֤ח],3947,3,3,False,,False,
Judges,Judges 14:2,ra'ah רָאָה [רָאִ֥יתִי],7200,Judges 13:23,laqach לָקַח [לָקַ֤ח],3947,4,3,False,,False,
Judges,Judges 13:23,ra'ah רָאָה [הֶרְאָ֖/נוּ],7200,Judges 14:2,laqach לָקַח [קְחוּ],3947,4,3,False,,False,
Judges,Judges 13:23,ra'ah רָאָה [הֶרְאָ֖/נוּ],7200,Judges 14:3,laqach לָקַח [לָ/קַ֣חַת]; laqach לָקַח [קַֽח],"3947,3947",5,3,False,,False,
Judges,Judges 14:1,ra'ah רָאָה [וַ/יַּ֥רְא],7200,Judges 14:2,laqach לָקַח [קְחוּ],3947,1,2,False,,False,
Judges,Judges 14:1,ra'ah רָאָה [וַ/יַּ֥רְא],7200,Judges 14:3,laqach לָקַח [לָ/קַ֣חַת]; laqach לָקַח [קַֽח],"3947,3947",2,2,False,,False,
Judges,Judges 14:2,ra'ah רָאָה [רָאִ֥יתִי],7200,Judges 14:2,laqach לָקַח [קְחוּ],3947,0,1,False,,False,
Judges,Judges 14:2,ra'ah רָאָה [רָאִ֥יתִי],7200,Judges 14:3,laqach לָקַח [לָ/קַ֣חַת]; laqach לָקַח [קַֽח],"3947,3947",1,2,False,,False,
Judges,Judges 14:8,ra'ah רָאָה [לִ/רְא֔וֹת],7200,Judges 14:3,laqach לָקַח [לָ/קַ֣חַת]; laqach לָקַח [קַֽח],"3947,3947",5,3,False,,False,
Judges,Judges 14:8,ra'ah רָאָה [לִ/רְא֔וֹת],7200,Judges 14:8,laqach לָקַח [לְ/קַחְתָּ֔/הּ],3947,0,1,False,,False,
Judges,Judges 14:11,ra'ah רָאָה [כִּ/רְאוֹתָ֣/ם],7200,Judges 14:8,laqach לָקַח [לְ/קַחְתָּ֔/הּ],3947,3,3,False,,False,
Judges,Judges 14:8,ra'ah רָאָה [לִ/רְא֔וֹת],7200,Judges 14:11,laqach לָקַח [וַ/יִּקְחוּ֙],3947,3,3,False,,False,
Judges,Judges 14:11,ra'ah רָאָה [כִּ/רְאוֹתָ֣/ם],7200,Judges 14:11,laqach לָקַח [וַ/יִּקְחוּ֙],3947,0,1,False,,False,
Judges,Judges 16:1,ra'ah רָאָה [וַ/יַּרְא],7200,Judges 16:3,achaz אָחַז [וַ/יֶּאֱחֹ֞ז],270,2,2,False,,False,
Judges,Judges 16:5,ra'ah רָאָה [וּ/רְאִי֙],7200,Judges 16:3,achaz אָחַז [וַ/יֶּאֱחֹ֞ז],270,2,2,False,,False,
Judges,Judges 16:18,ra'ah רָאָה [וַ/תֵּ֣רֶא],7200,Judges 16:21,achaz אָחַז [וַ/יֹּאחֲז֣וּ/הוּ],270,3,3,False,,False,
Judges,Judges 16:24,ra'ah רָאָה [וַ/יִּרְא֤וּ],7200,Judges 16:21,achaz אָחַז [וַ/יֹּאחֲז֣וּ/הוּ],270,3,3,False,,False,
Judges,Judges 16:27,ra'ah רָאָה [הָ/רֹאִ֖ים],7200,Judges 16:31,nasa נָשָׂא [וַ/יִּשְׂא֣וּ],5375,4,3,False,,False,
Judges,Judges 18:26,ra'ah רָאָה [וַ/יַּ֣רְא],7200,Judges 18:24,laqach לָקַח [לְקַחְתֶּ֧ם],3947,2,2,False,,False,
Judges,Judges 18:26,ra'ah רָאָה [וַ/יַּ֣רְא],7200,Judges 18:27,laqach לָקַח [לָקְח֜וּ],3947,1,2,False,,False,
Judges,Judges 19:3,ra'ah רָאָה [וַ/יִּרְאֵ֨/הוּ֙],7200,Judges 19:1,laqach לָקַח [וַ/יִּֽקַּֽח],3947,2,2,False,,False,
Judges,Judges 19:17,ra'ah רָאָה [וַ/יַּ֛רְא],7200,Judges 19:17,nasa נָשָׂא [וַ/יִּשָּׂ֣א],5375,0,1,False,,True,
Judges,Judges 19:30,ra'ah רָאָה [הָ/רֹאֶ֗ה]; ra'ah רָאָה [נִרְאֲתָה֙],"7200,7200",Judges 19:28,laqach לָקַח [וַ/יִּקָּחֶ֨/הָ֙],3947,2,2,False,,False,
Judges,Judges 19:30,ra'ah רָאָה [הָ/רֹאֶ֗ה]; ra'ah רָאָה [נִרְאֲתָה֙],"7200,7200",Judges 19:29,laqach לָקַח [וַ/יִּקַּ֤ח],3947,1,2,False,,False,
Judges,Judges 21:21,ra'ah רָאָה [וּ/רְאִיתֶ֗ם],7200,Judges 21:22,laqach לָקַח [לָקַ֛חְנוּ],3947,1,2,False,,False,
Judges,Judges 21:21,ra'ah רָאָה [וּ/רְאִיתֶ֗ם],7200,Judges 21:23,nasa נָשָׂא [וַ/יִּשְׂא֤וּ]; gazal גָּזַל [גָּזָ֑לוּ],"5375,1497",2,2,False,,False,
Ruth,Ruth 1:18,ra'ah רָאָה [וַ/תֵּ֕רֶא],7200,Ruth 1:14,nasa נָשָׂא [וַ/תִּשֶּׂ֣נָה],5375,4,3,False,,False,
Ruth,Ruth 2:18,ra'ah רָאָה [וַ/תֵּ֥רֶא],7200,Ruth 2:18,nasa נָשָׂא [וַ/תִּשָּׂא֙],5375,0,1,False,,False,
1 Samuel,1 Samuel 2:32,nabat נָבַט [וְ/הִבַּטְתָּ֙],5027,1 Samuel 2:28,nasa נָשָׂא [לָ/שֵׂ֥את],5375,4,3,False,,False,
1 Samuel,1 Samuel 3:21,ra'ah רָאָה [לְ/הֵרָאֹ֣ה],7200,1 Samuel 4:3,laqach לָקַח [נִקְחָ֧ה],3947,3,3,False,,False,
1 Samuel,1 Samuel 3:21,ra'ah רָאָה [לְ/הֵרָאֹ֣ה],7200,1 Samuel 4:4,nasa נָשָׂא [וַ/יִּשְׂא֣וּ],5375,4,3,False,,False,
1 Samuel,1 Samuel 4:13,tsaphah צָפָה [מְצַפֶּ֔ה],6822,1 Samuel 4:11,laqach לָקַח [נִלְקָ֑ח],3947,2,2,False,,False,
1 Samuel,1 Samuel 4:15,ra'ah רָאָה [לִ/רְאֽוֹת],7200,1 Samuel 4:11,laqach לָקַח [נִלְקָ֑ח],3947,4,3,False,,False,
1 Samuel,1 Samuel 4:13,tsaphah צָפָה [מְצַפֶּ֔ה],6822,1 Samuel 4:17,laqach לָקַח [נִלְקָֽחָה],3947,4,3,False,,False,
1 Samuel,1 Samuel 4:15,ra'ah רָאָה [לִ/רְאֽוֹת],7200,1 Samuel 4:17,laqach לָקַח [נִלְקָֽחָה],3947,2,2,False,,False,
1 Samuel,1 Samuel 4:15,ra'ah רָאָה [לִ/רְאֽוֹת],7200,1 Samuel 4:19,laqach לָקַח [הִלָּקַח֙],3947,4,3,False,,False,
1 Samuel,1 Samuel 5:7,ra'ah רָאָה [וַ/יִּרְא֥וּ],7200,1 Samuel 5:2,laqach לָקַח [וַ/יִּקְח֤וּ],3947,5,3,False,,False,
1 Samuel,1 Samuel 5:7,ra'ah רָאָה [וַ/יִּרְא֥וּ],7200,1 Samuel 5:3,laqach לָקַח [וַ/יִּקְחוּ֙],3947,4,3,False,,False,
1 Samuel,1 Samuel 6:9,ra'ah רָאָה [וּ/רְאִיתֶ֗ם],7200,1 Samuel 6:7,laqach לָקַח [קְח֨וּ],3947,2,2,False,,False,
1 Samuel,1 Samuel 6:9,ra'ah רָאָה [וּ/רְאִיתֶ֗ם],7200,1 Samuel 6:8,laqach לָקַח [וּ/לְקַחְתֶּ֞ם],3947,1,2,False,,False,
1 Samuel,1 Samuel 6:13,ra'ah רָאָה [וַ/יִּרְאוּ֙]; ra'ah רָאָה [לִ/רְאֽוֹת],"7200,7200",1 Samuel 6:8,laqach לָקַח [וּ/לְקַחְתֶּ֞ם],3947,5,3,False,,False,
1 Samuel,1 Samuel 6:9,ra'ah רָאָה [וּ/רְאִיתֶ֗ם],7200,1 Samuel 6:10,laqach לָקַח [וַ/יִּקְח֗וּ],3947,1,2,False,,False,
1 Samuel,1 Samuel 6:9,ra'ah רָאָה [וּ/רְאִיתֶ֗ם],7200,1 Samuel 6:13,nasa נָשָׂא [וַ/יִּשְׂא֣וּ],5375,4,3,False,,True,
1 Samuel,1 Samuel 6:13,ra'ah רָאָה [וַ/יִּרְאוּ֙]; ra'ah רָאָה [לִ/רְאֽוֹת],"7200,7200",1 Samuel 6:10,laqach לָקַח [וַ/יִּקְח֗וּ],3947,3,3,False,,False,
1 Samuel,1 Samuel 6:13,ra'ah רָאָה [וַ/יִּרְאוּ֙]; ra'ah רָאָה [לִ/רְאֽוֹת],"7200,7200",1 Samuel 6:13,nasa נָשָׂא [וַ/יִּשְׂא֣וּ],5375,0,1,False,,True,
1 Samuel,1 Samuel 6:16,ra'ah רָאָה [רָא֑וּ],7200,1 Samuel 6:13,nasa נָשָׂא [וַ/יִּשְׂא֣וּ],5375,3,3,False,,True,
1 Samuel,1 Samuel 9:17,ra'ah רָאָה [רָאָ֣ה],7200,1 Samuel 9:22,laqach לָקַח [וַ/יִּקַּ֤ח],3947,5,3,False,,False,
1 Samuel,1 Samuel 10:24,ra'ah רָאָה [הַ/רְּאִיתֶם֙],7200,1 Samuel 10:20,lakad לָכַד [וַ/יִּלָּכֵ֖ד],3920,4,3,False,,False,
1 Samuel,1 Samuel 10:24,ra'ah רָאָה [הַ/רְּאִיתֶם֙],7200,1 Samuel 10:21,lakad לָכַד [וַ/תִּלָּכֵ֖ד]; lakad לָכַד [וַ/יִּלָּכֵד֙],"3920,3920",3,3,False,,False,
1 Samuel,1 Samuel 10:24,ra'ah רָאָה [הַ/רְּאִיתֶם֙],7200,1 Samuel 10:23,laqach לָקַח [וַ/יִּקָּחֻ֣/הוּ],3947,1,2,False,,False,
1 Samuel,1 Samuel 14:16,ra'ah רָאָה [וַ/יִּרְא֤וּ]; tsaphah צָפָה [הַ/צֹּפִים֙],"7200,6822",1 Samuel 14:12,nasa נָשָׂא [נֹשֵׂ֣א]; nasa נָשָׂא [נֹשֵׂ֤א],"5375,5375",4,3,False,,False,
1 Samuel,1 Samuel 14:17,ra'ah רָאָה [וּ/רְא֔וּ],7200,1 Samuel 14:12,nasa נָשָׂא [נֹשֵׂ֣א]; nasa נָשָׂא [נֹשֵׂ֤א],"5375,5375",5,3,False,,False,
1 Samuel,1 Samuel 14:16,ra'ah רָאָה [וַ/יִּרְא֤וּ]; tsaphah צָפָה [הַ/צֹּפִים֙],"7200,6822",1 Samuel 14:13,nasa נָשָׂא [וְ/נֹשֵׂ֥א]; nasa נָשָׂא [וְ/נֹשֵׂ֥א],"5375,5375",3,3,False,,False,
1 Samuel,1 Samuel 14:17,ra'ah רָאָה [וּ/רְא֔וּ],7200,1 Samuel 14:13,nasa נָשָׂא [וְ/נֹשֵׂ֥א]; nasa נָשָׂא [וְ/נֹשֵׂ֥א],"5375,5375",4,3,False,,False,
1 Samuel,1 Samuel 14:16,ra'ah רָאָה [וַ/יִּרְא֤וּ]; tsaphah צָפָה [הַ/צֹּפִים֙],"7200,6822",1 Samuel 14:14,nasa נָשָׂא [וְ/נֹשֵׂ֥א],5375,2,2,False,,False,
1 Samuel,1 Samuel 14:17,ra'ah רָאָה [וּ/רְא֔וּ],7200,1 Samuel 14:14,nasa נָשָׂא [וְ/נֹשֵׂ֥א],5375,3,3,False,,False,
1 Samuel,1 Samuel 14:16,ra'ah רָאָה [וַ/יִּרְא֤וּ]; tsaphah צָפָה [הַ/צֹּפִים֙],"7200,6822",1 Samuel 14:17,nasa נָשָׂא [וְ/נֹשֵׂ֥א],5375,1,2,False,,False,
1 Samuel,1 Samuel 14:17,ra'ah רָאָה [וּ/רְא֔וּ],7200,1 Samuel 14:17,nasa נָשָׂא [וְ/נֹשֵׂ֥א],5375,0,1,False,,False,
1 Samuel,1 Samuel 14:27,ra'ah רָאָה [ו/תראנה],7200,1 Samuel 14:32,laqach לָקַח [וַ/יִּקְח֨וּ],3947,5,3,False,,False,
1 Samuel,1 Samuel 14:29,ra'ah רָאָה [רְאוּ],7200,1 Samuel 14:32,laqach לָקַח [וַ/יִּקְח֨וּ],3947,3,3,False,,False,
1 Samuel,1 Samuel 14:38,ra'ah רָאָה [וּ/רְא֔וּ],7200,1 Samuel 14:41,lakad לָכַד [וַ/יִּלָּכֵ֧ד],3920,3,3,False,,False,
1 Samuel,1 Samuel 14:38,ra'ah רָאָה [וּ/רְא֔וּ],7200,1 Samuel 14:42,lakad לָכַד [וַ/יִּלָּכֵ֖ד],3920,4,3,False,,False,
1 Samuel,1 Samuel 14:52,ra'ah רָאָה [וְ/רָאָ֨ה],7200,1 Samuel 14:47,lakad לָכַד [לָכַ֥ד],3920,5,3,False,,False,
1 Samuel,1 Samuel 15:35,ra'ah רָאָה [לִ/רְא֤וֹת],7200,1 Samuel 16:2,laqach לָקַח [תִּקַּ֣ח],3947,2,2,False,,False,
1 Samuel,1 Samuel 16:1,ra'ah רָאָה [רָאִ֧יתִי],7200,1 Samuel 16:2,laqach לָקַח [תִּקַּ֣ח],3947,1,2,False,,False,
1 Samuel,1 Samuel 16:6,ra'ah רָאָה [וַ/יַּ֖רְא],7200,1 Samuel 16:2,laqach לָקַח [תִּקַּ֣ח],3947,4,3,False,,False,
1 Samuel,1 Samuel 16:7,nabat נָבַט [תַּבֵּ֧ט]; ra'ah רָאָה [יִרְאֶה֙]; ra'ah רָאָה [יִרְאֶ֣ה]; ra'ah רָאָה [יִרְאֶ֥ה],"5027,7200,7200,7200",1 Samuel 16:2,laqach לָקַח [תִּקַּ֣ח],3947,5,3,False,,False,
1 Samuel,1 Samuel 16:6,ra'ah רָאָה [וַ/יַּ֖רְא],7200,1 Samuel 16:11,laqach לָקַח [וְ/קָחֶ֔/נּוּ],3947,5,3,False,,False,
1 Samuel,1 Samuel 16:7,nabat נָבַט [תַּבֵּ֧ט]; ra'ah רָאָה [יִרְאֶה֙]; ra'ah רָאָה [יִרְאֶ֣ה]; ra'ah רָאָה [יִרְאֶ֥ה],"5027,7200,7200,7200",1 Samuel 16:11,laqach לָקַח [וְ/קָחֶ֔/נּוּ],3947,4,3,False,,False,
1 Samuel,1 Samuel 16:17,ra'ah רָאָה [רְאוּ],7200,1 Samuel 16:13,laqach לָקַח [וַ/יִּקַּ֨ח],3947,4,3,False,,False,
1 Samuel,1 Samuel 16:18,ra'ah רָאָה [רָאִ֜יתִי],7200,1 Samuel 16:13,laqach לָקַח [וַ/יִּקַּ֨ח],3947,5,3,False,,False,
1 Samuel,1 Samuel 16:17,ra'ah רָאָה [רְאוּ],7200,1 Samuel 16:20,laqach לָקַח [וַ/יִּקַּ֨ח],3947,3,3,False,,False,
1 Samuel,1 Samuel 16:17,ra'ah רָאָה [רְאוּ],7200,1 Samuel 16:21,nasa נָשָׂא [נֹשֵׂ֥א],5375,4,3,False,,False,
1 Samuel,1 Samuel 16:18,ra'ah רָאָה [רָאִ֜יתִי],7200,1 Samuel 16:20,laqach לָקַח [וַ/יִּקַּ֨ח],3947,2,2,False,,False,
1 Samuel,1 Samuel 16:18,ra'ah רָאָה [רָאִ֜יתִי],7200,1 Samuel 16:21,nasa נָשָׂא [נֹשֵׂ֥א],5375,3,3,False,,False,
1 Samuel,1 Samuel 16:18,ra'ah רָאָה [רָאִ֜יתִי],7200,1 Samuel 16:23,laqach לָקַח [וְ/לָקַ֥ח],3947,5,3,False,,False,
1 Samuel,1 Samuel 17:24,ra'ah רָאָה [בִּ/רְאוֹתָ֖/ם],7200,1 Samuel 17:20,nasa נָשָׂא [וַ/יִּשָּׂ֣א],5375,4,3,False,,False,
1 Samuel,1 Samuel 17:25,ra'ah רָאָה [הַ/רְּאִיתֶם֙],7200,1 Samuel 17:20,nasa נָשָׂא [וַ/יִּשָּׂ֣א],5375,5,3,False,,False,
1 Samuel,1 Samuel 17:28,ra'ah רָאָה [רְא֥וֹת],7200,1 Samuel 17:31,laqach לָקַח [וַ/יִּקָּחֵֽ/הוּ],3947,3,3,False,,False,
1 Samuel,1 Samuel 17:42,nabat נָבַט [וַ/יַּבֵּ֧ט]; ra'ah רָאָה [וַ/יִּרְאֶ֥ה],"5027,7200",1 Samuel 17:40,laqach לָקַח [וַ/יִּקַּ֨ח],3947,2,2,False,,False,
1 Samuel,1 Samuel 17:42,nabat נָבַט [וַ/יַּבֵּ֧ט]; ra'ah רָאָה [וַ/יִּרְאֶ֥ה],"5027,7200",1 Samuel 17:41,nasa נָשָׂא [נֹשֵׂ֥א],5375,1,2,False,,False,
1 Samuel,1 Samuel 17:51,ra'ah רָאָה [וַ/יִּרְא֧וּ],7200,1 Samuel 17:49,laqach לָקַח [וַ/יִּקַּ֨ח],3947,2,2,False,,False,
1 Samuel,1 Samuel 17:51,ra'ah רָאָה [וַ/יִּרְא֧וּ],7200,1 Samuel 17:51,laqach לָקַח [וַ/יִּקַּ֣ח],3947,0,1,False,,False,
1 Samuel,1 Samuel 17:55,ra'ah רָאָה [וְ/כִ/רְא֨וֹת],7200,1 Samuel 17:51,laqach לָקַח [וַ/יִּקַּ֣ח],3947,4,3,False,,False,
1 Samuel,1 Samuel 17:51,ra'ah רָאָה [וַ/יִּרְא֧וּ],7200,1 Samuel 17:54,laqach לָקַח [וַ/יִּקַּ֤ח],3947,3,3,False,,False,
1 Samuel,1 Samuel 17:55,ra'ah רָאָה [וְ/כִ/רְא֨וֹת],7200,1 Samuel 17:54,laqach לָקַח [וַ/יִּקַּ֤ח],3947,1,2,False,,False,
1 Samuel,1 Samuel 17:55,ra'ah רָאָה [וְ/כִ/רְא֨וֹת],7200,1 Samuel 17:57,laqach לָקַח [וַ/יִּקַּ֤ח],3947,2,2,False,,False,
1 Samuel,1 Samuel 17:55,ra'ah רָאָה [וְ/כִ/רְא֨וֹת],7200,1 Samuel 18:2,laqach לָקַח [וַ/יִּקָּחֵ֥/הוּ],3947,5,3,False,,False,
1 Samuel,1 Samuel 19:15,ra'ah רָאָה [לִ/רְא֥וֹת],7200,1 Samuel 19:13,laqach לָקַח [וַ/תִּקַּ֨ח],3947,2,2,False,,False,
1 Samuel,1 Samuel 19:15,ra'ah רָאָה [לִ/רְא֥וֹת],7200,1 Samuel 19:14,laqach לָקַח [לָ/קַ֣חַת],3947,1,2,False,,False,
1 Samuel,1 Samuel 19:15,ra'ah רָאָה [לִ/רְא֥וֹת],7200,1 Samuel 19:20,laqach לָקַח [לָ/קַ֣חַת],3947,5,3,False,,False,
1 Samuel,1 Samuel 19:20,ra'ah רָאָה [וַ/יַּ֗רְא],7200,1 Samuel 19:20,laqach לָקַח [לָ/קַ֣חַת],3947,0,1,False,,False,
1 Samuel,1 Samuel 20:29,ra'ah רָאָה [וְ/אֶרְאֶ֣ה],7200,1 Samuel 20:31,laqach לָקַח [וְ/קַ֤ח],3947,2,2,False,,False,
1 Samuel,1 Samuel 21:15,ra'ah רָאָה [תִרְאוּ֙],7200,1 Samuel 21:10,laqach לָקַח [תִּֽקַּח]; laqach לָקַח [קָ֔ח],"3947,3947",5,3,False,,False,
1 Samuel,1 Samuel 23:22,ra'ah רָאָה [וּ/רְאוּ֙]; ra'ah רָאָה [רָאָ֖/הוּ],"7200,7200",1 Samuel 23:26,taphas תָּפַשׂ [לְ/תָפְשָֽׂ/ם],8610,4,3,False,,False,
1 Samuel,1 Samuel 23:23,ra'ah רָאָה [וּ/רְא֣וּ],7200,1 Samuel 23:26,taphas תָּפַשׂ [לְ/תָפְשָֽׂ/ם],8610,3,3,False,,False,
1 Samuel,1 Samuel 24:9,nabat נָבַט [וַ/יַּבֵּ֤ט],5027,1 Samuel 24:12,laqach לָקַח [לְ/קַחְתָּֽ/הּ],3947,3,3,False,,False,
1 Samuel,1 Samuel 24:11,ra'ah רָאָה [רָא֣וּ],7200,1 Samuel 24:12,laqach לָקַח [לְ/קַחְתָּֽ/הּ],3947,1,2,False,,False,
1 Samuel,1 Samuel 24:12,ra'ah רָאָה [רְאֵ֔ה]; ra'ah רָאָה [רְאֵ֛ה]; ra'ah רָאָה [וּ/רְאֵה֙],"7200,7200,7200",1 Samuel 24:12,laqach לָקַח [לְ/קַחְתָּֽ/הּ],3947,0,1,False,,False,
1 Samuel,1 Samuel 24:16,ra'ah רָאָה [וְ/יֵ֨רֶא֙],7200,1 Samuel 24:12,laqach לָקַח [לְ/קַחְתָּֽ/הּ],3947,4,3,False,,False,
1 Samuel,1 Samuel 24:12,ra'ah רָאָה [רְאֵ֔ה]; ra'ah רָאָה [רְאֵ֛ה]; ra'ah רָאָה [וּ/רְאֵה֙],"7200,7200,7200",1 Samuel 24:17,nasa נָשָׂא [וַ/יִּשָּׂ֥א],5375,5,3,False,,False,
1 Samuel,1 Samuel 24:16,ra'ah רָאָה [וְ/יֵ֨רֶא֙],7200,1 Samuel 24:17,nasa נָשָׂא [וַ/יִּשָּׂ֥א],5375,1,2,False,,False,
1 Samuel,1 Samuel 25:17,ra'ah רָאָה [וּ/רְאִי֙],7200,1 Samuel 25:18,laqach לָקַח [וַ/תִּקַּח֩],3947,1,2,False,,False,
1 Samuel,1 Samuel 25:23,ra'ah רָאָה [וַ/תֵּ֤רֶא],7200,1 Samuel 25:18,laqach לָקַח [וַ/תִּקַּח֩],3947,5,3,False,,False,
1 Samuel,1 Samuel 25:23,ra'ah רָאָה [וַ/תֵּ֤רֶא],7200,1 Samuel 25:28,nasa נָשָׂא [שָׂ֥א],5375,5,3,False,,False,
1 Samuel,1 Samuel 25:25,ra'ah רָאָה [רָאִ֛יתִי],7200,1 Samuel 25:28,nasa נָשָׂא [שָׂ֥א],5375,3,3,False,,False,
1 Samuel,1 Samuel 25:35,ra'ah רָאָה [רְאִי֙],7200,1 Samuel 25:35,laqach לָקַח [וַ/יִּקַּ֤ח]; nasa נָשָׂא [וָ/אֶשָּׂ֖א],"3947,5375",0,1,False,,False,
1 Samuel,1 Samuel 25:35,ra'ah רָאָה [רְאִי֙],7200,1 Samuel 25:39,laqach לָקַח [לְ/קַחְתָּ֥/הּ],3947,4,3,False,,False,
1 Samuel,1 Samuel 25:35,ra'ah רָאָה [רְאִי֙],7200,1 Samuel 25:40,laqach לָקַח [לְ/קַחְתֵּ֥/ךְ],3947,5,3,False,,False,
1 Samuel,1 Samuel 26:3,ra'ah רָאָה [וַ/יַּ֕רְא],7200,1 Samuel 25:43,laqach לָקַח [לָקַ֥ח],3947,4,3,False,,False,
1 Samuel,1 Samuel 26:12,ra'ah רָאָה [רֹאֶה֩],7200,1 Samuel 26:11,laqach לָקַח [קַח],3947,1,2,False,,False,
1 Samuel,1 Samuel 26:16,ra'ah רָאָה [רְאֵ֗ה],7200,1 Samuel 26:11,laqach לָקַח [קַח],3947,5,3,False,,False,
1 Samuel,1 Samuel 26:12,ra'ah רָאָה [רֹאֶה֩],7200,1 Samuel 26:12,laqach לָקַח [וַ/יִּקַּח֩],3947,0,1,False,,False,
1 Samuel,1 Samuel 26:16,ra'ah רָאָה [רְאֵ֗ה],7200,1 Samuel 26:12,laqach לָקַח [וַ/יִּקַּח֩],3947,4,3,False,,False,
1 Samuel,1 Samuel 28:21,ra'ah רָאָה [וַ/תֵּ֖רֶא],7200,1 Samuel 28:24,laqach לָקַח [וַ/תִּקַּח],3947,3,3,False,,False,
1 Samuel,1 Samuel 31:5,ra'ah רָאָה [וַ/יַּ֥רְא],7200,1 Samuel 31:4,nasa נָשָׂא [לְ/נֹשֵׂ֨א]; nasa נָשָׂא [נֹשֵׂ֣א]; laqach לָקַח [וַ/יִּקַּ֤ח],"5375,5375,3947",1,2,False,,False,
1 Samuel,1 Samuel 31:7,ra'ah רָאָה [וַ/יִּרְא֣וּ],7200,1 Samuel 31:4,nasa נָשָׂא [לְ/נֹשֵׂ֨א]; nasa נָשָׂא [נֹשֵׂ֣א]; laqach לָקַח [וַ/יִּקַּ֤ח],"5375,5375,3947",3,3,False,,False,
1 Samuel,1 Samuel 31:5,ra'ah רָאָה [וַ/יַּ֥רְא],7200,1 Samuel 31:5,nasa נָשָׂא [נֹשֵֽׂא],5375,0,1,False,,False,
1 Samuel,1 Samuel 31:7,ra'ah רָאָה [וַ/יִּרְא֣וּ],7200,1 Samuel 31:5,nasa נָשָׂא [נֹשֵֽׂא],5375,2,2,False,,False,
1 Samuel,1 Samuel 31:5,ra'ah רָאָה [וַ/יַּ֥רְא],7200,1 Samuel 31:6,nasa נָשָׂא [וְ/נֹשֵׂ֨א],5375,1,2,False,,False,
1 Samuel,1 Samuel 31:7,ra'ah רָאָה [וַ/יִּרְא֣וּ],7200,1 Samuel 31:6,nasa נָשָׂא [וְ/נֹשֵׂ֨א],5375,1,2,False,,False,
1 Samuel,1 Samuel 31:7,ra'ah רָאָה [וַ/יִּרְא֣וּ],7200,1 Samuel 31:12,laqach לָקַח [וַ/יִּקְח֞וּ],3947,5,3,False,,False,
2 Samuel,2 Samuel 1:7,ra'ah רָאָה [וַ/יִּרְאֵ֑/נִי],7200,2 Samuel 1:9,achaz אָחַז [אֲחָזַ֖/נִי],270,2,2,False,,False,
2 Samuel,2 Samuel 1:7,ra'ah רָאָה [וַ/יִּרְאֵ֑/נִי],7200,2 Samuel 1:10,laqach לָקַח [וָ/אֶקַּ֞ח],3947,3,3,False,,False,
2 Samuel,2 Samuel 3:13,ra'ah רָאָה [תִרְאֶ֣ה]; ra'ah רָאָה [לִ/רְא֥וֹת],"7200,7200",2 Samuel 3:15,laqach לָקַח [וַ/יִּקָּחֶ֖/הָ],3947,2,2,False,,False,
2 Samuel,2 Samuel 6:16,shaqaph שָׁקַף [נִשְׁקְפָ֣ה]; ra'ah רָאָה [וַ/תֵּ֨רֶא],"8259,7200",2 Samuel 6:13,nasa נָשָׂא [נֹשְׂאֵ֥י],5375,3,3,False,,False,
2 Samuel,2 Samuel 10:6,ra'ah רָאָה [וַ/יִּרְאוּ֙],7200,2 Samuel 10:4,laqach לָקַח [וַ/יִּקַּ֨ח],3947,2,2,False,,False,
2 Samuel,2 Samuel 10:9,ra'ah רָאָה [וַ/יַּ֣רְא],7200,2 Samuel 10:4,laqach לָקַח [וַ/יִּקַּ֨ח],3947,5,3,False,,False,
2 Samuel,2 Samuel 10:19,ra'ah רָאָה [וַ/יִּרְא֨וּ],7200,2 Samuel 11:4,laqach לָקַח [וַ/יִּקָּחֶ֗/הָ],3947,4,3,False,,False,
2 Samuel,2 Samuel 11:2,ra'ah רָאָה [וַ/יַּ֥רְא],7200,2 Samuel 11:4,laqach לָקַח [וַ/יִּקָּחֶ֗/הָ],3947,2,2,False,,False,
2 Samuel,2 Samuel 13:5,ra'ah רָאָה [לִ/רְאוֹתֶ֗/ךָ]; ra'ah רָאָה [אֶרְאֶ֔ה],"7200,7200",2 Samuel 13:8,laqach לָקַח [וַ/תִּקַּ֨ח],3947,3,3,False,,False,
2 Samuel,2 Samuel 13:5,ra'ah רָאָה [לִ/רְאוֹתֶ֗/ךָ]; ra'ah רָאָה [אֶרְאֶ֔ה],"7200,7200",2 Samuel 13:9,laqach לָקַח [וַ/תִּקַּ֤ח],3947,4,3,False,,False,
2 Samuel,2 Samuel 13:5,ra'ah רָאָה [לִ/רְאוֹתֶ֗/ךָ]; ra'ah רָאָה [אֶרְאֶ֔ה],"7200,7200",2 Samuel 13:10,laqach לָקַח [וַ/תִּקַּ֣ח],3947,5,3,False,,False,
2 Samuel,2 Samuel 13:6,ra'ah רָאָה [לִ/רְאֹת֗/וֹ],7200,2 Samuel 13:8,laqach לָקַח [וַ/תִּקַּ֨ח],3947,2,2,False,,False,
2 Samuel,2 Samuel 13:6,ra'ah רָאָה [לִ/רְאֹת֗/וֹ],7200,2 Samuel 13:9,laqach לָקַח [וַ/תִּקַּ֤ח],3947,3,3,False,,False,
2 Samuel,2 Samuel 13:6,ra'ah רָאָה [לִ/רְאֹת֗/וֹ],7200,2 Samuel 13:10,laqach לָקַח [וַ/תִּקַּ֣ח],3947,4,3,False,,False,
2 Samuel,2 Samuel 13:34,tsaphah צָפָה [הַ/צֹּפֶה֙]; ra'ah רָאָה [וַ/יַּ֗רְא],"6822,7200",2 Samuel 13:34,nasa נָשָׂא [וַ/יִּשָּׂ֞א],5375,0,1,False,,True,
2 Samuel,2 Samuel 13:34,tsaphah צָפָה [הַ/צֹּפֶה֙]; ra'ah רָאָה [וַ/יַּ֗רְא],"6822,7200",2 Samuel 13:36,nasa נָשָׂא [וַ/יִּשְׂא֥וּ],5375,2,2,False,,False,
2 Samuel,2 Samuel 15:25,ra'ah רָאָה [וְ/הִרְאַ֥/נִי],7200,2 Samuel 15:24,nasa נָשָׂא [נֹֽשְׂאִים֙],5375,1,2,False,,False,
2 Samuel,2 Samuel 15:27,ra'ah רָאָה [הֲ/רוֹאֶ֣ה],7200,2 Samuel 15:24,nasa נָשָׂא [נֹֽשְׂאִים֙],5375,3,3,False,,False,
2 Samuel,2 Samuel 15:28,ra'ah רָאָה [רְאוּ֙],7200,2 Samuel 15:24,nasa נָשָׂא [נֹֽשְׂאִים֙],5375,4,3,False,,False,
2 Samuel,2 Samuel 17:17,ra'ah רָאָה [לְ/הֵרָא֖וֹת],7200,2 Samuel 17:13,nasa נָשָׂא [וְ/הִשִּׂ֧יאוּ],5375,4,3,False,,False,
2 Samuel,2 Samuel 17:18,ra'ah רָאָה [וַ/יַּ֤רְא],7200,2 Samuel 17:13,nasa נָשָׂא [וְ/הִשִּׂ֧יאוּ],5375,5,3,False,,False,
2 Samuel,2 Samuel 17:17,ra'ah רָאָה [לְ/הֵרָא֖וֹת],7200,2 Samuel 17:19,laqach לָקַח [וַ/תִּקַּ֣ח],3947,2,2,False,,False,
2 Samuel,2 Samuel 17:18,ra'ah רָאָה [וַ/יַּ֤רְא],7200,2 Samuel 17:19,laqach לָקַח [וַ/תִּקַּ֣ח],3947,1,2,False,,False,
2 Samuel,2 Samuel 17:23,ra'ah רָאָה [רָאָ֗ה],7200,2 Samuel 17:19,laqach לָקַח [וַ/תִּקַּ֣ח],3947,4,3,False,,False,
2 Samuel,2 Samuel 18:10,ra'ah רָאָה [וַ/יַּרְא֙]; ra'ah רָאָה [רָאִ֣יתִי],"7200,7200",2 Samuel 18:14,laqach לָקַח [וַ/יִּקַּח֩],3947,4,3,False,,False,
2 Samuel,2 Samuel 18:10,ra'ah רָאָה [וַ/יַּרְא֙]; ra'ah רָאָה [רָאִ֣יתִי],"7200,7200",2 Samuel 18:15,nasa נָשָׂא [נֹשְׂאֵ֖י],5375,5,3,False,,False,
2 Samuel,2 Samuel 18:11,ra'ah רָאָה [רָאִ֔יתָ],7200,2 Samuel 18:14,laqach לָקַח [וַ/יִּקַּח֩],3947,3,3,False,,False,
2 Samuel,2 Samuel 18:11,ra'ah רָאָה [רָאִ֔יתָ],7200,2 Samuel 18:15,nasa נָשָׂא [נֹשְׂאֵ֖י],5375,4,3,False,,False,
2 Samuel,2 Samuel 18:21,ra'ah רָאָה [רָאִ֑יתָה],7200,2 Samuel 18:17,laqach לָקַח [וַ/יִּקְח֣וּ],3947,4,3,False,,False,
2 Samuel,2 Samuel 18:21,ra'ah רָאָה [רָאִ֑יתָה],7200,2 Samuel 18:18,laqach לָקַח [לָקַ֗ח],3947,3,3,False,,False,
2 Samuel,2 Samuel 18:21,ra'ah רָאָה [רָאִ֑יתָה],7200,2 Samuel 18:24,nasa נָשָׂא [וַ/יִּשָּׂ֤א],5375,3,3,False,,True,
2 Samuel,2 Samuel 18:24,tsaphah צָפָה [הַ/צֹּפֶ֜ה]; ra'ah רָאָה [וַ/יַּ֔רְא],"6822,7200",2 Samuel 18:24,nasa נָשָׂא [וַ/יִּשָּׂ֤א],5375,0,1,False,,True,
2 Samuel,2 Samuel 18:25,tsaphah צָפָה [הַ/צֹּפֶה֙],6822,2 Samuel 18:24,nasa נָשָׂא [וַ/יִּשָּׂ֤א],5375,1,2,False,,True,
2 Samuel,2 Samuel 18:26,ra'ah רָאָה [וַ/יַּ֣רְא]; tsaphah צָפָה [הַ/צֹּפֶה֮]; tsaphah צָפָה [הַ/צֹּפֶה֙],"7200,6822,6822",2 Samuel 18:24,nasa נָשָׂא [וַ/יִּשָּׂ֤א],5375,2,2,False,,True,
2 Samuel,2 Samuel 18:27,tsaphah צָפָה [הַ/צֹּפֶ֔ה]; ra'ah רָאָה [רֹאֶה֙],"6822,7200",2 Samuel 18:24,nasa נָשָׂא [וַ/יִּשָּׂ֤א],5375,3,3,False,,True,
2 Samuel,2 Samuel 18:29,ra'ah רָאָה [רָאִיתִי֩],7200,2 Samuel 18:24,nasa נָשָׂא [וַ/יִּשָּׂ֤א],5375,5,3,False,,True,
2 Samuel,2 Samuel 18:24,tsaphah צָפָה [הַ/צֹּפֶ֜ה]; ra'ah רָאָה [וַ/יַּ֔רְא],"6822,7200",2 Samuel 18:28,nasa נָשָׂא [נָשְׂא֥וּ],5375,4,3,False,,False,
2 Samuel,2 Samuel 18:25,tsaphah צָפָה [הַ/צֹּפֶה֙],6822,2 Samuel 18:28,nasa נָשָׂא [נָשְׂא֥וּ],5375,3,3,False,,False,
2 Samuel,2 Samuel 18:26,ra'ah רָאָה [וַ/יַּ֣רְא]; tsaphah צָפָה [הַ/צֹּפֶה֮]; tsaphah צָפָה [הַ/צֹּפֶה֙],"7200,6822,6822",2 Samuel 18:28,nasa נָשָׂא [נָשְׂא֥וּ],5375,2,2,False,,False,
2 Samuel,2 Samuel 18:27,tsaphah צָפָה [הַ/צֹּפֶ֔ה]; ra'ah רָאָה [רֹאֶה֙],"6822,7200",2 Samuel 18:28,nasa נָשָׂא [נָשְׂא֥וּ],5375,1,2,False,,False,
2 Samuel,2 Samuel 18:29,ra'ah רָאָה [רָאִיתִי֩],7200,2 Samuel 18:28,nasa נָשָׂא [נָשְׂא֥וּ],5375,1,2,False,,False,
2 Samuel,2 Samuel 20:12,ra'ah רָאָה [וַ/יַּ֨רְא]; ra'ah רָאָה [רָאָ֔ה],"7200,7200",2 Samuel 20:9,achaz אָחַז [וַ/תֹּ֜חֶז],270,3,3,False,,False,
2 Samuel,2 Samuel 22:16,ra'ah רָאָה [וַ/יֵּֽרָאוּ֙],7200,2 Samuel 22:17,laqach לָקַח [יִקָּחֵ֑/נִי],3947,1,2,False,,False,
2 Samuel,2 Samuel 24:3,ra'ah רָאָה [רֹא֑וֹת],7200,2 Samuel 23:37,nasa נָשָׂא [נשאי]; nasa נָשָׂא [נֹשֵׂ֕א],"5375,5375",5,3,False,,False,
2 Samuel,2 Samuel 24:17,ra'ah רָאָה [בִּ/רְאֹת֣/וֹ],7200,2 Samuel 24:22,laqach לָקַח [יִקַּ֥ח],3947,5,3,False,,False,
2 Samuel,2 Samuel 24:20,shaqaph שָׁקַף [וַ/יַּשְׁקֵ֣ף]; ra'ah רָאָה [וַ/יַּ֤רְא],"8259,7200",2 Samuel 24:22,laqach לָקַח [יִקַּ֥ח],3947,2,2,False,,False,
2 Samuel,2 Samuel 24:22,ra'ah רָאָה [רְאֵה֙],7200,2 Samuel 24:22,laqach לָקַח [יִקַּ֥ח],3947,0,1,False,,False,
1 Kings,1 Kings 1:48,ra'ah רָאָה [רֹאֽוֹת],7200,1 Kings 1:51,achaz אָחַז [אָחַ֞ז],270,3,3,False,,False,
1 Kings,1 Kings 3:5,ra'ah רָאָה [נִרְאָ֧ה],7200,1 Kings 3:1,laqach לָקַח [וַ/יִּקַּ֣ח],3947,4,3,False,,False,
1 Kings,1 Kings 3:28,ra'ah רָאָה [רָא֔וּ],7200,1 Kings 3:24,laqach לָקַח [קְח֣וּ],3947,4,3,False,,False,
1 Kings,1 Kings 8:8,ra'ah רָאָה [וַ/יֵּרָאוּ֩]; ra'ah רָאָה [יֵרָא֖וּ],"7200,7200",1 Kings 8:3,nasa נָשָׂא [וַ/יִּשְׂא֥וּ],5375,5,3,False,,False,
1 Kings,1 Kings 9:12,ra'ah רָאָה [לִ/רְאוֹת֙],7200,1 Kings 9:11,nasa נָשָׂא [נִשָּׂ֨א],5375,1,2,False,,False,
1 Kings,1 Kings 9:12,ra'ah רָאָה [לִ/רְאוֹת֙],7200,1 Kings 9:16,lakad לָכַד [וַ/יִּלְכֹּ֤ד],3920,4,3,False,,False,
1 Kings,1 Kings 10:4,ra'ah רָאָה [וַ/תֵּ֨רֶא֙],7200,1 Kings 9:28,laqach לָקַח [וַ/יִּקְח֤וּ],3947,4,3,False,,False,
1 Kings,1 Kings 10:4,ra'ah רָאָה [וַ/תֵּ֨רֶא֙],7200,1 Kings 10:2,nasa נָשָׂא [נֹשְׂאִ֨ים],5375,2,2,False,,False,
1 Kings,1 Kings 10:7,ra'ah רָאָה [וַ/תִּרְאֶ֣ינָה],7200,1 Kings 10:2,nasa נָשָׂא [נֹשְׂאִ֨ים],5375,5,3,False,,False,
1 Kings,1 Kings 10:7,ra'ah רָאָה [וַ/תִּרְאֶ֣ינָה],7200,1 Kings 10:11,nasa נָשָׂא [נָשָׂ֥א],5375,4,3,False,,False,
1 Kings,1 Kings 10:12,ra'ah רָאָה [נִרְאָ֔ה],7200,1 Kings 10:11,nasa נָשָׂא [נָשָׂ֥א],5375,1,2,False,,False,
1 Kings,1 Kings 11:28,ra'ah רָאָה [וַ/יַּ֨רְא],7200,1 Kings 11:30,taphas תָּפַשׂ [וַ/יִּתְפֹּ֣שׂ],8610,2,2,False,,False,
1 Kings,1 Kings 11:28,ra'ah רָאָה [וַ/יַּ֨רְא],7200,1 Kings 11:31,laqach לָקַח [קַח],3947,3,3,False,,False,
1 Kings,1 Kings 13:25,ra'ah רָאָה [וַ/יִּרְא֤וּ],7200,1 Kings 13:29,nasa נָשָׂא [וַ/יִּשָּׂ֨א],5375,4,3,False,,False,
1 Kings,1 Kings 14:4,ra'ah רָאָה [לִ/רְא֔וֹת],7200,1 Kings 14:3,laqach לָקַח [וְ/לָקַ֣חַתְּ],3947,1,2,False,,False,
1 Kings,1 Kings 16:18,ra'ah רָאָה [כִּ/רְא֤וֹת],7200,1 Kings 16:18,lakad לָכַד [נִלְכְּדָ֣ה],3920,0,1,False,,False,
1 Kings,1 Kings 17:23,ra'ah רָאָה [רְאִ֖י],7200,1 Kings 17:19,laqach לָקַח [וַ/יִּקָּחֵ֣/הוּ],3947,4,3,False,,False,
1 Kings,1 Kings 17:23,ra'ah רָאָה [רְאִ֖י],7200,1 Kings 17:23,laqach לָקַח [וַ/יִּקַּ֨ח],3947,0,1,False,,False,
1 Kings,1 Kings 18:1,ra'ah רָאָה [הֵרָאֵ֣ה],7200,1 Kings 17:23,laqach לָקַח [וַ/יִּקַּ֨ח],3947,2,2,False,,False,
1 Kings,1 Kings 18:2,ra'ah רָאָה [לְ/הֵרָא֖וֹת],7200,1 Kings 17:23,laqach לָקַח [וַ/יִּקַּ֨ח],3947,3,3,False,,False,
1 Kings,1 Kings 17:23,ra'ah רָאָה [רְאִ֖י],7200,1 Kings 18:4,laqach לָקַח [וַ/יִּקַּ֨ח],3947,5,3,False,,False,
1 Kings,1 Kings 18:1,ra'ah רָאָה [הֵרָאֵ֣ה],7200,1 Kings 18:4,laqach לָקַח [וַ/יִּקַּ֨ח],3947,3,3,False,,False,
1 Kings,1 Kings 18:2,ra'ah רָאָה [לְ/הֵרָא֖וֹת],7200,1 Kings 18:4,laqach לָקַח [וַ/יִּקַּ֨ח],3947,2,2,False,,False,
1 Kings,1 Kings 18:15,ra'ah רָאָה [אֵרָאֶ֥ה],7200,1 Kings 18:12,nasa נָשָׂא [יִֽשָּׂאֲ/ךָ֙],5375,3,3,False,,False,
1 Kings,1 Kings 18:17,ra'ah רָאָה [כִּ/רְא֥וֹת],7200,1 Kings 18:12,nasa נָשָׂא [יִֽשָּׂאֲ/ךָ֙],5375,5,3,False,,False,
1 Kings,1 Kings 18:39,ra'ah רָאָה [וַ/יַּרְא֙],7200,1 Kings 18:40,taphas תָּפַשׂ [תִּפְשׂ֣וּ]; taphas תָּפַשׂ [וַֽ/יִּתְפְּשׂ֑וּ/ם],"8610,8610",1,2,False,,False,
1 Kings,1 Kings 18:43,nabat נָבַט [הַבֵּ֣ט]; nabat נָבַט [וַ/יַּבֵּ֔ט],"5027,5027",1 Kings 18:40,taphas תָּפַשׂ [תִּפְשׂ֣וּ]; taphas תָּפַשׂ [וַֽ/יִּתְפְּשׂ֑וּ/ם],"8610,8610",3,3,False,,False,
1 Kings,1 Kings 19:3,ra'ah רָאָה [וַ/יַּ֗רְא],7200,1 Kings 19:4,laqach לָקַח [קַ֣ח],3947,1,2,False,,False,
1 Kings,1 Kings 19:6,nabat נָבַט [וַ/יַּבֵּ֕ט],5027,1 Kings 19:4,laqach לָקַח [קַ֣ח],3947,2,2,False,,False,
1 Kings,1 Kings 19:6,nabat נָבַט [וַ/יַּבֵּ֕ט],5027,1 Kings 19:10,laqach לָקַח [לְ/קַחְתָּֽ/הּ],3947,4,3,False,,False,
1 Kings,1 Kings 20:7,ra'ah רָאָה [וּ/רְא֔וּ],7200,1 Kings 20:6,laqach לָקַח [וְ/לָקָֽחוּ],3947,1,2,False,,False,
1 Kings,1 Kings 20:13,ra'ah רָאָה [הְֽ/רָאִ֔יתָ],7200,1 Kings 20:18,taphas תָּפַשׂ [תִּפְשׂ֣וּ/ם]; taphas תָּפַשׂ [תִּפְשֽׂוּ/ם],"8610,8610",5,3,False,,False,
1 Kings,1 Kings 20:22,ra'ah רָאָה [וּ/רְאֵ֖ה],7200,1 Kings 20:18,taphas תָּפַשׂ [תִּפְשׂ֣וּ/ם]; taphas תָּפַשׂ [תִּפְשֽׂוּ/ם],"8610,8610",4,3,False,,False,
1 Kings,1 Kings 21:29,ra'ah רָאָה [הֲֽ/רָאִ֔יתָ],7200,1 Kings 22:3,laqach לָקַח [מִ/קַּ֣חַת],3947,3,3,False,,False,
1 Kings,1 Kings 22:25,ra'ah רָאָה [רֹאֶ֖ה],7200,1 Kings 22:26,laqach לָקַח [קַ֚ח],3947,1,2,False,,False,
2 Kings,2 Kings 2:10,ra'ah רָאָה [תִּרְאֶ֨ה],7200,2 Kings 2:5,laqach לָקַח [לֹקֵ֥חַ],3947,5,3,False,,False,
2 Kings,2 Kings 2:10,ra'ah רָאָה [תִּרְאֶ֨ה],7200,2 Kings 2:8,laqach לָקַח [וַ/יִּקַּח֩],3947,2,2,False,,False,
2 Kings,2 Kings 2:12,ra'ah רָאָה [רֹאֶ֗ה]; ra'ah רָאָה [רָאָ֖/הוּ],"7200,7200",2 Kings 2:8,laqach לָקַח [וַ/יִּקַּח֩],3947,4,3,False,,False,
2 Kings,2 Kings 2:10,ra'ah רָאָה [תִּרְאֶ֨ה],7200,2 Kings 2:9,laqach לָקַח [אֶלָּקַ֣ח],3947,1,2,False,,False,
2 Kings,2 Kings 2:12,ra'ah רָאָה [רֹאֶ֗ה]; ra'ah רָאָה [רָאָ֖/הוּ],"7200,7200",2 Kings 2:9,laqach לָקַח [אֶלָּקַ֣ח],3947,3,3,False,,False,
2 Kings,2 Kings 2:10,ra'ah רָאָה [תִּרְאֶ֨ה],7200,2 Kings 2:10,laqach לָקַח [לֻקָּ֤ח],3947,0,1,False,,False,
2 Kings,2 Kings 2:12,ra'ah רָאָה [רֹאֶ֗ה]; ra'ah רָאָה [רָאָ֖/הוּ],"7200,7200",2 Kings 2:10,laqach לָקַח [לֻקָּ֤ח],3947,2,2,False,,False,
2 Kings,2 Kings 2:15,ra'ah רָאָה [וַ/יִּרְאֻ֨/הוּ],7200,2 Kings 2:10,laqach לָקַח [לֻקָּ֤ח],3947,5,3,False,,False,
2 Kings,2 Kings 2:10,ra'ah רָאָה [תִּרְאֶ֨ה],7200,2 Kings 2:14,laqach לָקַח [וַ/יִּקַּח֩],3947,4,3,False,,False,
2 Kings,2 Kings 2:12,ra'ah רָאָה [רֹאֶ֗ה]; ra'ah רָאָה [רָאָ֖/הוּ],"7200,7200",2 Kings 2:14,laqach לָקַח [וַ/יִּקַּח֩],3947,2,2,False,,False,
2 Kings,2 Kings 2:12,ra'ah רָאָה [רֹאֶ֗ה]; ra'ah רָאָה [רָאָ֖/הוּ],"7200,7200",2 Kings 2:16,nasa נָשָׂא [נְשָׂא/וֹ֙],5375,4,3,False,,False,
2 Kings,2 Kings 2:15,ra'ah רָאָה [וַ/יִּרְאֻ֨/הוּ],7200,2 Kings 2:14,laqach לָקַח [וַ/יִּקַּח֩],3947,1,2,False,,False,
2 Kings,2 Kings 2:19,ra'ah רָאָה [רֹאֶ֑ה],7200,2 Kings 2:14,laqach לָקַח [וַ/יִּקַּח֩],3947,5,3,False,,False,
2 Kings,2 Kings 2:15,ra'ah רָאָה [וַ/יִּרְאֻ֨/הוּ],7200,2 Kings 2:16,nasa נָשָׂא [נְשָׂא/וֹ֙],5375,1,2,False,,False,
2 Kings,2 Kings 2:15,ra'ah רָאָה [וַ/יִּרְאֻ֨/הוּ],7200,2 Kings 2:20,laqach לָקַח [קְחוּ]; laqach לָקַח [וַ/יִּקְח֖וּ],"3947,3947",5,3,False,,False,
2 Kings,2 Kings 2:19,ra'ah רָאָה [רֹאֶ֑ה],7200,2 Kings 2:16,nasa נָשָׂא [נְשָׂא/וֹ֙],5375,3,3,False,,False,
2 Kings,2 Kings 2:19,ra'ah רָאָה [רֹאֶ֑ה],7200,2 Kings 2:20,laqach לָקַח [קְחוּ]; laqach לָקַח [וַ/יִּקְח֖וּ],"3947,3947",1,2,False,,False,
2 Kings,2 Kings 2:24,ra'ah רָאָה [וַ/יִּרְאֵ֔/ם],7200,2 Kings 2:20,laqach לָקַח [קְחוּ]; laqach לָקַח [וַ/יִּקְח֖וּ],"3947,3947",4,3,False,,False,
2 Kings,2 Kings 3:14,nabat נָבַט [אַבִּ֥יט]; ra'ah רָאָה [אֶרְאֶֽ/ךָּ],"5027,7200",2 Kings 3:14,nasa נָשָׂא [נֹשֵׂ֑א],5375,0,1,False,,False,
2 Kings,2 Kings 3:17,ra'ah רָאָה [תִרְא֥וּ]; ra'ah רָאָה [תִרְא֣וּ],"7200,7200",2 Kings 3:14,nasa נָשָׂא [נֹשֵׂ֑א],5375,3,3,False,,False,
2 Kings,2 Kings 3:14,nabat נָבַט [אַבִּ֥יט]; ra'ah רָאָה [אֶרְאֶֽ/ךָּ],"5027,7200",2 Kings 3:15,laqach לָקַח [קְחוּ],3947,1,2,False,,False,
2 Kings,2 Kings 3:17,ra'ah רָאָה [תִרְא֥וּ]; ra'ah רָאָה [תִרְא֣וּ],"7200,7200",2 Kings 3:15,laqach לָקַח [קְחוּ],3947,2,2,False,,False,
2 Kings,2 Kings 3:22,ra'ah רָאָה [וַ/יִּרְא֨וּ],7200,2 Kings 3:26,laqach לָקַח [וַ/יִּקַּ֣ח],3947,4,3,False,,False,
2 Kings,2 Kings 3:22,ra'ah רָאָה [וַ/יִּרְא֨וּ],7200,2 Kings 3:27,laqach לָקַח [וַ/יִּקַּח֩],3947,5,3,False,,False,
2 Kings,2 Kings 3:26,ra'ah רָאָה [וַ/יַּרְא֙],7200,2 Kings 3:26,laqach לָקַח [וַ/יִּקַּ֣ח],3947,0,1,False,,False,
2 Kings,2 Kings 3:26,ra'ah רָאָה [וַ/יַּרְא֙],7200,2 Kings 3:27,laqach לָקַח [וַ/יִּקַּח֩],3947,1,2,False,,False,
2 Kings,2 Kings 3:26,ra'ah רָאָה [וַ/יַּרְא֙],7200,2 Kings 4:1,laqach לָקַח [לָ/קַ֜חַת],3947,2,2,False,,False,
2 Kings,2 Kings 4:25,ra'ah רָאָה [כִּ/רְא֨וֹת],7200,2 Kings 4:20,nasa נָשָׂא [וַ/יִּשָּׂאֵ֔/הוּ],5375,5,3,False,,False,
2 Kings,2 Kings 4:25,ra'ah רָאָה [כִּ/רְא֨וֹת],7200,2 Kings 4:29,laqach לָקַח [וְ/קַ֨ח],3947,4,3,False,,False,
2 Kings,2 Kings 5:7,ra'ah רָאָה [וּ/רְא֔וּ],7200,2 Kings 5:5,laqach לָקַח [וַ/יִּקַּ֨ח],3947,2,2,False,,False,
2 Kings,2 Kings 5:21,ra'ah רָאָה [וַ/יִּרְאֶ֤ה],7200,2 Kings 5:16,laqach לָקַח [אֶקָּ֑ח]; laqach לָקַח [לָ/קַ֖חַת],"3947,3947",5,3,False,,False,
2 Kings,2 Kings 5:21,ra'ah רָאָה [וַ/יִּרְאֶ֤ה],7200,2 Kings 5:20,laqach לָקַח [מִ/קַּ֥חַת]; laqach לָקַח [וְ/לָקַחְתִּ֥י],"3947,3947",1,2,False,,False,
2 Kings,2 Kings 5:21,ra'ah רָאָה [וַ/יִּרְאֶ֤ה],7200,2 Kings 5:23,laqach לָקַח [קַ֣ח]; nasa נָשָׂא [וַ/יִּשְׂא֖וּ],"3947,5375",2,2,False,,False,
2 Kings,2 Kings 5:21,ra'ah רָאָה [וַ/יִּרְאֶ֤ה],7200,2 Kings 5:24,laqach לָקַח [וַ/יִּקַּ֥ח],3947,3,3,False,,False,
2 Kings,2 Kings 5:21,ra'ah רָאָה [וַ/יִּרְאֶ֤ה],7200,2 Kings 5:26,laqach לָקַח [לָ/קַ֤חַת]; laqach לָקַח [וְ/לָ/קַ֣חַת],"3947,3947",5,3,False,,False,
2 Kings,2 Kings 6:6,ra'ah רָאָה [וַ/יַּרְאֵ֨/הוּ֙],7200,2 Kings 6:2,laqach לָקַח [וְ/נִקְחָ֤ה],3947,4,3,False,,False,
2 Kings,2 Kings 6:6,ra'ah רָאָה [וַ/יַּרְאֵ֨/הוּ֙],7200,2 Kings 6:7,laqach לָקַח [וַ/יִּקָּחֵֽ/הוּ],3947,1,2,False,,False,
2 Kings,2 Kings 6:13,ra'ah רָאָה [וּ/רְאוּ֙],7200,2 Kings 6:13,laqach לָקַח [וְ/אֶקָּחֵ֑/הוּ],3947,0,1,False,,False,
2 Kings,2 Kings 6:17,ra'ah רָאָה [וְ/יִרְאֶ֑ה]; ra'ah רָאָה [וַ/יַּ֗רְא],"7200,7200",2 Kings 6:13,laqach לָקַח [וְ/אֶקָּחֵ֑/הוּ],3947,4,3,False,,False,
2 Kings,2 Kings 7:13,ra'ah רָאָה [וְ/נִרְאֶֽה],7200,2 Kings 7:8,nasa נָשָׂא [וַ/יִּשְׂא֣וּ]; nasa נָשָׂא [וַ/יִּשְׂא֣וּ],"5375,5375",5,3,False,,False,
2 Kings,2 Kings 7:13,ra'ah רָאָה [וְ/נִרְאֶֽה],7200,2 Kings 7:12,taphas תָּפַשׂ [וְ/נִתְפְּשֵׂ֣/ם],8610,1,2,False,,False,
2 Kings,2 Kings 7:14,ra'ah רָאָה [וּ/רְאֽוּ],7200,2 Kings 7:12,taphas תָּפַשׂ [וְ/נִתְפְּשֵׂ֣/ם],8610,2,2,False,,False,
2 Kings,2 Kings 7:13,ra'ah רָאָה [וְ/נִרְאֶֽה],7200,2 Kings 7:13,laqach לָקַח [וְ/יִקְחוּ],3947,0,1,False,,False,
2 Kings,2 Kings 7:14,ra'ah רָאָה [וּ/רְאֽוּ],7200,2 Kings 7:13,laqach לָקַח [וְ/יִקְחוּ],3947,1,2,False,,False,
2 Kings,2 Kings 7:13,ra'ah רָאָה [וְ/נִרְאֶֽה],7200,2 Kings 7:14,laqach לָקַח [וַ/יִּקְח֕וּ],3947,1,2,False,,False,
2 Kings,2 Kings 7:14,ra'ah רָאָה [וּ/רְאֽוּ],7200,2 Kings 7:14,laqach לָקַח [וַ/יִּקְח֕וּ],3947,0,1,False,,False,
2 Kings,2 Kings 7:19,ra'ah רָאָה [רֹאֶה֙],7200,2 Kings 7:14,laqach לָקַח [וַ/יִּקְח֕וּ],3947,5,3,False,,False,
2 Kings,2 Kings 8:10,ra'ah רָאָה [וְ/הִרְאַ֥/נִי],7200,2 Kings 8:8,laqach לָקַח [קַ֤ח],3947,2,2,False,,False,
2 Kings,2 Kings 8:13,ra'ah רָאָה [הִרְאַ֧/נִי],7200,2 Kings 8:8,laqach לָקַח [קַ֤ח],3947,5,3,False,,False,
2 Kings,2 Kings 8:10,ra'ah רָאָה [וְ/הִרְאַ֥/נִי],7200,2 Kings 8:9,laqach לָקַח [וַ/יִּקַּ֨ח],3947,1,2,False,,False,
2 Kings,2 Kings 8:13,ra'ah רָאָה [הִרְאַ֧/נִי],7200,2 Kings 8:9,laqach לָקַח [וַ/יִּקַּ֨ח],3947,4,3,False,,False,
2 Kings,2 Kings 8:10,ra'ah רָאָה [וְ/הִרְאַ֥/נִי],7200,2 Kings 8:15,laqach לָקַח [וַ/יִּקַּ֤ח],3947,5,3,False,,False,
2 Kings,2 Kings 8:13,ra'ah רָאָה [הִרְאַ֧/נִי],7200,2 Kings 8:15,laqach לָקַח [וַ/יִּקַּ֤ח],3947,2,2,False,,False,
2 Kings,2 Kings 8:29,ra'ah רָאָה [לִ/רְא֞וֹת],7200,2 Kings 9:1,laqach לָקַח [וְ֠/קַח],3947,1,2,False,,False,
2 Kings,2 Kings 8:29,ra'ah רָאָה [לִ/רְא֞וֹת],7200,2 Kings 9:3,laqach לָקַח [וְ/לָקַחְתָּ֤],3947,3,3,False,,False,
2 Kings,2 Kings 9:2,ra'ah רָאָה [וּ/רְאֵֽה],7200,2 Kings 9:1,laqach לָקַח [וְ֠/קַח],3947,1,2,False,,False,
2 Kings,2 Kings 9:2,ra'ah רָאָה [וּ/רְאֵֽה],7200,2 Kings 9:3,laqach לָקַח [וְ/לָקַחְתָּ֤],3947,1,2,False,,False,
2 Kings,2 Kings 9:16,ra'ah רָאָה [לִ/רְא֥וֹת],7200,2 Kings 9:13,laqach לָקַח [וַ/יִּקְחוּ֙],3947,3,3,False,,False,
2 Kings,2 Kings 9:17,tsaphah צָפָה [וְ/הַ/צֹּפֶה֩]; ra'ah רָאָה [וַ/יַּ֞רְא]; ra'ah רָאָה [רֹאֶ֑ה],"6822,7200,7200",2 Kings 9:13,laqach לָקַח [וַ/יִּקְחוּ֙],3947,4,3,False,,False,
2 Kings,2 Kings 9:18,tsaphah צָפָה [הַ/צֹּפֶה֙],6822,2 Kings 9:13,laqach לָקַח [וַ/יִּקְחוּ֙],3947,5,3,False,,False,
2 Kings,2 Kings 9:16,ra'ah רָאָה [לִ/רְא֥וֹת],7200,2 Kings 9:17,laqach לָקַח [קַ֥ח],3947,1,2,False,,False,
2 Kings,2 Kings 9:17,tsaphah צָפָה [וְ/הַ/צֹּפֶה֩]; ra'ah רָאָה [וַ/יַּ֞רְא]; ra'ah רָאָה [רֹאֶ֑ה],"6822,7200,7200",2 Kings 9:17,laqach לָקַח [קַ֥ח],3947,0,1,False,,False,
2 Kings,2 Kings 9:18,tsaphah צָפָה [הַ/צֹּפֶה֙],6822,2 Kings 9:17,laqach לָקַח [קַ֥ח],3947,1,2,False,,False,
2 Kings,2 Kings 9:20,tsaphah צָפָה [הַ/צֹּפֶה֙],6822,2 Kings 9:17,laqach לָקַח [קַ֥ח],3947,3,3,False,,False,
2 Kings,2 Kings 9:22,ra'ah רָאָה [כִּ/רְא֤וֹת],7200,2 Kings 9:17,laqach לָקַח [קַ֥ח],3947,5,3,False,,False,
2 Kings,2 Kings 9:20,tsaphah צָפָה [הַ/צֹּפֶה֙],6822,2 Kings 9:25,nasa נָשָׂא [שָׂ֚א]; nasa נָשָׂא [נָשָׂ֣א],"5375,5375",5,3,False,,False,
2 Kings,2 Kings 9:22,ra'ah רָאָה [כִּ/רְא֤וֹת],7200,2 Kings 9:25,nasa נָשָׂא [שָׂ֚א]; nasa נָשָׂא [נָשָׂ֣א],"5375,5375",3,3,False,,False,
2 Kings,2 Kings 9:22,ra'ah רָאָה [כִּ/רְא֤וֹת],7200,2 Kings 9:26,nasa נָשָׂא [שָׂ֧א],5375,4,3,False,,False,
2 Kings,2 Kings 9:26,ra'ah רָאָה [רָאִ֤יתִי],7200,2 Kings 9:25,nasa נָשָׂא [שָׂ֚א]; nasa נָשָׂא [נָשָׂ֣א],"5375,5375",1,2,False,,False,
2 Kings,2 Kings 9:27,ra'ah רָאָה [רָאָ֔ה],7200,2 Kings 9:25,nasa נָשָׂא [שָׂ֚א]; nasa נָשָׂא [נָשָׂ֣א],"5375,5375",2,2,False,,False,
2 Kings,2 Kings 9:30,shaqaph שָׁקַף [וַ/תַּשְׁקֵ֖ף],8259,2 Kings 9:25,nasa נָשָׂא [שָׂ֚א]; nasa נָשָׂא [נָשָׂ֣א],"5375,5375",5,3,False,,False,
2 Kings,2 Kings 9:26,ra'ah רָאָה [רָאִ֤יתִי],7200,2 Kings 9:26,nasa נָשָׂא [שָׂ֧א],5375,0,1,False,,False,
2 Kings,2 Kings 9:27,ra'ah רָאָה [רָאָ֔ה],7200,2 Kings 9:26,nasa נָשָׂא [שָׂ֧א],5375,1,2,False,,False,
2 Kings,2 Kings 9:30,shaqaph שָׁקַף [וַ/תַּשְׁקֵ֖ף],8259,2 Kings 9:26,nasa נָשָׂא [שָׂ֧א],5375,4,3,False,,False,
2 Kings,2 Kings 9:27,ra'ah רָאָה [רָאָ֔ה],7200,2 Kings 9:32,nasa נָשָׂא [וַ/יִּשָּׂ֤א],5375,5,3,False,,False,
2 Kings,2 Kings 9:30,shaqaph שָׁקַף [וַ/תַּשְׁקֵ֖ף],8259,2 Kings 9:32,nasa נָשָׂא [וַ/יִּשָּׂ֤א],5375,2,2,False,,False,
2 Kings,2 Kings 9:32,shaqaph שָׁקַף [וַ/יַּשְׁקִ֣יפוּ],8259,2 Kings 9:32,nasa נָשָׂא [וַ/יִּשָּׂ֤א],5375,0,1,False,,False,
2 Kings,2 Kings 10:3,ra'ah רָאָה [וּ/רְאִיתֶ֞ם],7200,2 Kings 10:6,laqach לָקַח [קְחוּ֙],3947,3,3,False,,False,
2 Kings,2 Kings 10:3,ra'ah רָאָה [וּ/רְאִיתֶ֞ם],7200,2 Kings 10:7,laqach לָקַח [וַ/יִּקְחוּ֙],3947,4,3,False,,False,
2 Kings,2 Kings 10:16,ra'ah רָאָה [וּ/רְאֵ֖ה],7200,2 Kings 10:14,taphas תָּפַשׂ [תִּפְשׂ֣וּ/ם]; taphas תָּפַשׂ [וַֽ/יִּתְפְּשׂ֖וּ/ם],"8610,8610",2,2,False,,False,
2 Kings,2 Kings 11:1,ra'ah רָאָה [ו/ראתה]; ra'ah רָאָה [רָאֲתָ֖ה],"7200,7200",2 Kings 11:2,laqach לָקַח [וַ/תִּקַּ֣ח],3947,1,2,False,,False,
2 Kings,2 Kings 11:1,ra'ah רָאָה [ו/ראתה]; ra'ah רָאָה [רָאֲתָ֖ה],"7200,7200",2 Kings 11:4,laqach לָקַח [וַ/יִּקַּ֣ח],3947,3,3,False,,False,
2 Kings,2 Kings 11:4,ra'ah רָאָה [וַ/יַּ֥רְא],7200,2 Kings 11:2,laqach לָקַח [וַ/תִּקַּ֣ח],3947,2,2,False,,False,
2 Kings,2 Kings 11:4,ra'ah רָאָה [וַ/יַּ֥רְא],7200,2 Kings 11:4,laqach לָקַח [וַ/יִּקַּ֣ח],3947,0,1,False,,False,
2 Kings,2 Kings 11:4,ra'ah רָאָה [וַ/יַּ֥רְא],7200,2 Kings 11:9,laqach לָקַח [וַ/יִּקְחוּ֙],3947,5,3,False,,False,
2 Kings,2 Kings 11:14,ra'ah רָאָה [וַ/תֵּ֡רֶא],7200,2 Kings 11:9,laqach לָקַח [וַ/יִּקְחוּ֙],3947,5,3,False,,False,
2 Kings,2 Kings 11:14,ra'ah רָאָה [וַ/תֵּ֡רֶא],7200,2 Kings 11:19,laqach לָקַח [וַ/יִּקַּ֣ח],3947,5,3,False,,False,
2 Kings,2 Kings 12:11,ra'ah רָאָה [כִּ/רְאוֹתָ֔/ם],7200,2 Kings 12:6,laqach לָקַח [יִקְח֤וּ],3947,5,3,False,,False,
2 Kings,2 Kings 12:11,ra'ah רָאָה [כִּ/רְאוֹתָ֔/ם],7200,2 Kings 12:8,laqach לָקַח [תִּקְחוּ],3947,3,3,False,,False,
2 Kings,2 Kings 12:11,ra'ah רָאָה [כִּ/רְאוֹתָ֔/ם],7200,2 Kings 12:9,laqach לָקַח [קְחַת],3947,2,2,False,,False,
2 Kings,2 Kings 12:11,ra'ah רָאָה [כִּ/רְאוֹתָ֔/ם],7200,2 Kings 12:10,laqach לָקַח [וַ/יִּקַּ֞ח],3947,1,2,False,,False,
2 Kings,2 Kings 13:21,ra'ah רָאָה [רָא֣וּ],7200,2 Kings 13:18,laqach לָקַח [קַ֥ח]; laqach לָקַח [וַ/יִּקָּ֑ח],"3947,3947",3,3,False,,False,
2 Kings,2 Kings 13:21,ra'ah רָאָה [רָא֣וּ],7200,2 Kings 13:25,laqach לָקַח [וַ/יִּקַּ֤ח]; laqach לָקַח [לָקַ֗ח],"3947,3947",4,3,False,,False,
2 Kings,2 Kings 14:8,ra'ah רָאָה [נִתְרָאֶ֥ה],7200,2 Kings 14:7,taphas תָּפַשׂ [וְ/תָפַ֥שׂ],8610,1,2,False,,False,
2 Kings,2 Kings 14:11,ra'ah רָאָה [וַ/יִּתְרָא֣וּ],7200,2 Kings 14:7,taphas תָּפַשׂ [וְ/תָפַ֥שׂ],8610,4,3,False,,False,
2 Kings,2 Kings 14:8,ra'ah רָאָה [נִתְרָאֶ֥ה],7200,2 Kings 14:10,nasa נָשָׂא [וּֽ/נְשָׂאֲ/ךָ֖],5375,2,2,False,,False,
2 Kings,2 Kings 14:8,ra'ah רָאָה [נִתְרָאֶ֥ה],7200,2 Kings 14:13,taphas תָּפַשׂ [תָּפַ֛שׂ],8610,5,3,False,,False,
2 Kings,2 Kings 14:11,ra'ah רָאָה [וַ/יִּתְרָא֣וּ],7200,2 Kings 14:10,nasa נָשָׂא [וּֽ/נְשָׂאֲ/ךָ֖],5375,1,2,False,,False,
2 Kings,2 Kings 14:11,ra'ah רָאָה [וַ/יִּתְרָא֣וּ],7200,2 Kings 14:13,taphas תָּפַשׂ [תָּפַ֛שׂ],8610,2,2,False,,False,
2 Kings,2 Kings 14:11,ra'ah רָאָה [וַ/יִּתְרָא֣וּ],7200,2 Kings 14:14,laqach לָקַח [וְ/לָקַ֣ח],3947,3,3,False,,False,
2 Kings,2 Kings 14:26,ra'ah רָאָה [רָאָ֧ה],7200,2 Kings 14:21,laqach לָקַח [וַ/יִּקְח֞וּ],3947,5,3,False,,False,
2 Kings,2 Kings 16:10,ra'ah רָאָה [וַ/יַּ֥רְא],7200,2 Kings 16:8,laqach לָקַח [וַ/יִּקַּ֨ח],3947,2,2,False,,False,
2 Kings,2 Kings 16:12,ra'ah רָאָה [וַ/יַּ֥רְא],7200,2 Kings 16:8,laqach לָקַח [וַ/יִּקַּ֨ח],3947,4,3,False,,False,
2 Kings,2 Kings 16:10,ra'ah רָאָה [וַ/יַּ֥רְא],7200,2 Kings 16:9,taphas תָּפַשׂ [וַֽ/יִּתְפְּשֶׂ֔/הָ],8610,1,2,False,,False,
2 Kings,2 Kings 16:12,ra'ah רָאָה [וַ/יַּ֥רְא],7200,2 Kings 16:9,taphas תָּפַשׂ [וַֽ/יִּתְפְּשֶׂ֔/הָ],8610,3,3,False,,False,
2 Kings,2 Kings 19:16,ra'ah רָאָה [וּ/רְאֵ֑ה],7200,2 Kings 19:14,laqach לָקַח [וַ/יִּקַּ֨ח],3947,2,2,False,,False,
2 Kings,2 Kings 20:5,ra'ah רָאָה [רָאִ֖יתִי],7200,2 Kings 20:7,laqach לָקַח [קְח֖וּ]; laqach לָקַח [וַ/יִּקְח֛וּ],"3947,3947",2,2,False,,False,
2 Kings,2 Kings 20:13,ra'ah רָאָה [וַ/יַּרְאֵ֣/ם]; ra'ah רָאָה [הֶרְאָ֧/ם],"7200,7200",2 Kings 20:17,nasa נָשָׂא [וְ/נִשָּׂ֣א],5375,4,3,False,,False,
2 Kings,2 Kings 20:13,ra'ah רָאָה [וַ/יַּרְאֵ֣/ם]; ra'ah רָאָה [הֶרְאָ֧/ם],"7200,7200",2 Kings 20:18,laqach לָקַח [יקח]; laqach לָקַח [יִקָּ֑חוּ],"3947,3947",5,3,False,,False,
2 Kings,2 Kings 20:15,ra'ah רָאָה [רָא֖וּ]; ra'ah רָאָה [רָא֔וּ]; ra'ah רָאָה [הִרְאִיתִ֖/ם],"7200,7200,7200",2 Kings 20:17,nasa נָשָׂא [וְ/נִשָּׂ֣א],5375,2,2,False,,False,
2 Kings,2 Kings 20:15,ra'ah רָאָה [רָא֖וּ]; ra'ah רָאָה [רָא֔וּ]; ra'ah רָאָה [הִרְאִיתִ֖/ם],"7200,7200,7200",2 Kings 20:18,laqach לָקַח [יקח]; laqach לָקַח [יִקָּ֑חוּ],"3947,3947",3,3,False,,False,
2 Kings,2 Kings 22:20,ra'ah רָאָה [תִרְאֶ֣ינָה],7200,2 Kings 23:4,nasa נָשָׂא [וְ/נָשָׂ֥א],5375,4,3,False,,False,
2 Kings,2 Kings 23:16,ra'ah רָאָה [וַ/יַּ֨רְא],7200,2 Kings 23:16,laqach לָקַח [וַ/יִּקַּ֤ח],3947,0,1,False,,False,
2 Kings,2 Kings 23:17,ra'ah רָאָה [רֹאֶ֑ה],7200,2 Kings 23:16,laqach לָקַח [וַ/יִּקַּ֤ח],3947,1,2,False,,False,
2 Kings,2 Kings 23:29,ra'ah רָאָה [כִּ/רְאֹת֖/וֹ],7200,2 Kings 23:30,laqach לָקַח [וַ/יִּקַּ֣ח],3947,1,2,False,,False,
2 Kings,2 Kings 23:29,ra'ah רָאָה [כִּ/רְאֹת֖/וֹ],7200,2 Kings 23:34,laqach לָקַח [לָקָ֔ח],3947,5,3,False,,False,
2 Kings,2 Kings 25:19,ra'ah רָאָה [מֵ/רֹאֵ֤י],7200,2 Kings 25:14,laqach לָקַח [לָקָֽחוּ],3947,5,3,False,,False,
2 Kings,2 Kings 25:19,ra'ah רָאָה [מֵ/רֹאֵ֤י],7200,2 Kings 25:15,laqach לָקַח [לָקַ֖ח],3947,4,3,False,,False,
2 Kings,2 Kings 25:19,ra'ah רָאָה [מֵ/רֹאֵ֤י],7200,2 Kings 25:18,laqach לָקַח [וַ/יִּקַּ֣ח],3947,1,2,False,,False,
2 Kings,2 Kings 25:19,ra'ah רָאָה [מֵ/רֹאֵ֤י],7200,2 Kings 25:19,laqach לָקַח [לָקַח֩],3947,0,1,False,,False,
2 Kings,2 Kings 25:19,ra'ah רָאָה [מֵ/רֹאֵ֤י],7200,2 Kings 25:20,laqach לָקַח [וַ/יִּקַּ֣ח],3947,1,2,False,,False,
1 Chronicles,1 Chronicles 10:5,ra'ah רָאָה [וַ/יַּ֥רְא],7200,1 Chronicles 10:4,nasa נָשָׂא [נֹשֵׂ֨א]; nasa נָשָׂא [נֹשֵׂ֣א]; laqach לָקַח [וַ/יִּקַּ֤ח],"5375,5375,3947",1,2,False,,False,
1 Chronicles,1 Chronicles 10:7,ra'ah רָאָה [וַ֠/יִּרְאוּ],7200,1 Chronicles 10:4,nasa נָשָׂא [נֹשֵׂ֨א]; nasa נָשָׂא [נֹשֵׂ֣א]; laqach לָקַח [וַ/יִּקַּ֤ח],"5375,5375,3947",3,3,False,,False,
1 Chronicles,1 Chronicles 10:5,ra'ah רָאָה [וַ/יַּ֥רְא],7200,1 Chronicles 10:5,nasa נָשָׂא [נֹשֵֽׂא],5375,0,1,False,,False,
1 Chronicles,1 Chronicles 10:7,ra'ah רָאָה [וַ֠/יִּרְאוּ],7200,1 Chronicles 10:5,nasa נָשָׂא [נֹשֵֽׂא],5375,2,2,False,,False,
1 Chronicles,1 Chronicles 10:5,ra'ah רָאָה [וַ/יַּ֥רְא],7200,1 Chronicles 10:9,nasa נָשָׂא [וַ/יִּשְׂא֥וּ],5375,4,3,False,,False,
1 Chronicles,1 Chronicles 10:7,ra'ah רָאָה [וַ֠/יִּרְאוּ],7200,1 Chronicles 10:9,nasa נָשָׂא [וַ/יִּשְׂא֥וּ],5375,2,2,False,,False,
1 Chronicles,1 Chronicles 10:7,ra'ah רָאָה [וַ֠/יִּרְאוּ],7200,1 Chronicles 10:12,nasa נָשָׂא [וַ/יִּשְׂא֞וּ],5375,5,3,False,,False,
1 Chronicles,1 Chronicles 15:29,shaqaph שָׁקַף [נִשְׁקְפָ֣ה]; ra'ah רָאָה [וַ/תֵּ֨רֶא],"8259,7200",1 Chronicles 15:26,nasa נָשָׂא [נֹשְׂאֵ֖י],5375,3,3,False,,False,
1 Chronicles,1 Chronicles 15:29,shaqaph שָׁקַף [נִשְׁקְפָ֣ה]; ra'ah רָאָה [וַ/תֵּ֨רֶא],"8259,7200",1 Chronicles 15:27,nasa נָשָׂא [הַ/נֹּשְׂאִ֣ים],5375,2,2,False,,False,
1 Chronicles,1 Chronicles 19:6,ra'ah רָאָה [וַ/יִּרְאוּ֙],7200,1 Chronicles 19:4,laqach לָקַח [וַ/יִּקַּ֨ח],3947,2,2,False,,False,
1 Chronicles,1 Chronicles 19:16,ra'ah רָאָה [וַ/יַּ֣רְא],7200,1 Chronicles 20:2,laqach לָקַח [וַ/יִּקַּ֣ח],3947,5,3,False,,False,
1 Chronicles,1 Chronicles 19:19,ra'ah רָאָה [וַ/יִּרְא֞וּ],7200,1 Chronicles 20:2,laqach לָקַח [וַ/יִּקַּ֣ח],3947,2,2,False,,False,
1 Chronicles,1 Chronicles 21:12,ra'ah רָאָה [רְאֵ֔ה],7200,1 Chronicles 21:16,nasa נָשָׂא [וַ/יִּשָּׂ֨א],5375,4,3,False,,True,
1 Chronicles,1 Chronicles 21:15,ra'ah רָאָה [רָאָ֤ה],7200,1 Chronicles 21:16,nasa נָשָׂא [וַ/יִּשָּׂ֨א],5375,1,2,False,,True,
1 Chronicles,1 Chronicles 21:16,ra'ah רָאָה [וַ/יַּ֞רְא],7200,1 Chronicles 21:16,nasa נָשָׂא [וַ/יִּשָּׂ֨א],5375,0,1,False,,True,
1 Chronicles,1 Chronicles 21:20,ra'ah רָאָה [וַ/יַּרְא֙],7200,1 Chronicles 21:16,nasa נָשָׂא [וַ/יִּשָּׂ֨א],5375,4,3,False,,True,
1 Chronicles,1 Chronicles 21:21,nabat נָבַט [וַ/יַּבֵּ֤ט]; ra'ah רָאָה [וַ/יַּ֣רְא],"5027,7200",1 Chronicles 21:16,nasa נָשָׂא [וַ/יִּשָּׂ֨א],5375,5,3,False,,True,
1 Chronicles,1 Chronicles 21:20,ra'ah רָאָה [וַ/יַּרְא֙],7200,1 Chronicles 21:23,laqach לָקַח [קַֽח],3947,3,3,False,,False,
1 Chronicles,1 Chronicles 21:20,ra'ah רָאָה [וַ/יַּרְא֙],7200,1 Chronicles 21:24,nasa נָשָׂא [אֶשָּׂ֤א],5375,4,3,False,,False,
1 Chronicles,1 Chronicles 21:21,nabat נָבַט [וַ/יַּבֵּ֤ט]; ra'ah רָאָה [וַ/יַּ֣רְא],"5027,7200",1 Chronicles 21:23,laqach לָקַח [קַֽח],3947,2,2,False,,False,
1 Chronicles,1 Chronicles 21:21,nabat נָבַט [וַ/יַּבֵּ֤ט]; ra'ah רָאָה [וַ/יַּ֣רְא],"5027,7200",1 Chronicles 21:24,nasa נָשָׂא [אֶשָּׂ֤א],5375,3,3,False,,False,
1 Chronicles,1 Chronicles 21:23,ra'ah רָאָה [רְאֵה֩],7200,1 Chronicles 21:23,laqach לָקַח [קַֽח],3947,0,1,False,,False,
1 Chronicles,1 Chronicles 21:28,ra'ah רָאָה [בִּ/רְא֤וֹת],7200,1 Chronicles 21:23,laqach לָקַח [קַֽח],3947,5,3,False,,False,
1 Chronicles,1 Chronicles 21:23,ra'ah רָאָה [רְאֵה֩],7200,1 Chronicles 21:24,nasa נָשָׂא [אֶשָּׂ֤א],5375,1,2,False,,False,
1 Chronicles,1 Chronicles 21:28,ra'ah רָאָה [בִּ/רְא֤וֹת],7200,1 Chronicles 21:24,nasa נָשָׂא [אֶשָּׂ֤א],5375,4,3,False,,False,
2 Chronicles,2 Chronicles 5:9,ra'ah רָאָה [וַ/יֵּרָאוּ֩]; ra'ah רָאָה [יֵרָא֖וּ],"7200,7200",2 Chronicles 5:4,nasa נָשָׂא [וַ/יִּשְׂא֥וּ],5375,5,3,False,,False,
2 Chronicles,2 Chronicles 9:3,ra'ah רָאָה [וַ/תֵּ֨רֶא֙],7200,2 Chronicles 8:18,laqach לָקַח [וַ/יִּקְח֣וּ],3947,3,3,False,,False,
2 Chronicles,2 Chronicles 9:3,ra'ah רָאָה [וַ/תֵּ֨רֶא֙],7200,2 Chronicles 9:1,nasa נָשָׂא [נֹשְׂאִ֨ים],5375,2,2,False,,False,
2 Chronicles,2 Chronicles 9:6,ra'ah רָאָה [וַ/תִּרְאֶ֣ינָה],7200,2 Chronicles 9:1,nasa נָשָׂא [נֹשְׂאִ֨ים],5375,5,3,False,,False,
2 Chronicles,2 Chronicles 12:7,ra'ah רָאָה [וּ/בִ/רְא֤וֹת],7200,2 Chronicles 12:4,lakad לָכַד [וַ/יִּלְכֹּ֛ד],3920,3,3,False,,False,
2 Chronicles,2 Chronicles 12:7,ra'ah רָאָה [וּ/בִ/רְא֤וֹת],7200,2 Chronicles 12:9,laqach לָקַח [וַ/יִּקַּ֞ח]; laqach לָקַח [לָקָ֑ח]; laqach לָקַח [וַ/יִּקַּח֙],"3947,3947,3947",2,2,False,,False,
2 Chronicles,2 Chronicles 12:7,ra'ah רָאָה [וּ/בִ/רְא֤וֹת],7200,2 Chronicles 12:11,nasa נָשָׂא [וּ/נְשָׂא֔וּ/ם],5375,4,3,False,,False,
2 Chronicles,2 Chronicles 15:9,ra'ah רָאָה [בִּ/רְאֹתָ֕/ם],7200,2 Chronicles 15:8,lakad לָכַד [לָכַ֖ד],3920,1,2,False,,False,
2 Chronicles,2 Chronicles 16:7,ra'ah רָאָה [הָ/רֹאֶ֔ה],7200,2 Chronicles 16:6,laqach לָקַח [לָקַח֙]; nasa נָשָׂא [וַ/יִּשְׂא֞וּ],"3947,5375",1,2,False,,False,
2 Chronicles,2 Chronicles 16:10,ra'ah רָאָה [הָ/רֹאֶ֗ה],7200,2 Chronicles 16:6,laqach לָקַח [לָקַח֙]; nasa נָשָׂא [וַ/יִּשְׂא֞וּ],"3947,5375",4,3,False,,False,
2 Chronicles,2 Chronicles 18:24,ra'ah רָאָה [רֹאֶ֖ה],7200,2 Chronicles 18:25,laqach לָקַח [קְחוּ֙],3947,1,2,False,,False,
2 Chronicles,2 Chronicles 22:6,ra'ah רָאָה [לִ/רְא֞וֹת],7200,2 Chronicles 22:9,lakad לָכַד [וַֽ/יִּלְכְּדֻ֜/הוּ],3920,3,3,False,,False,
2 Chronicles,2 Chronicles 22:6,ra'ah רָאָה [לִ/רְא֞וֹת],7200,2 Chronicles 22:11,laqach לָקַח [וַ/תִּקַּח֩],3947,5,3,False,,False,
2 Chronicles,2 Chronicles 22:10,ra'ah רָאָה [רָאֲתָ֖ה],7200,2 Chronicles 22:9,lakad לָכַד [וַֽ/יִּלְכְּדֻ֜/הוּ],3920,1,2,False,,False,
2 Chronicles,2 Chronicles 22:10,ra'ah רָאָה [רָאֲתָ֖ה],7200,2 Chronicles 22:11,laqach לָקַח [וַ/תִּקַּח֩],3947,1,2,False,,False,
2 Chronicles,2 Chronicles 22:10,ra'ah רָאָה [רָאֲתָ֖ה],7200,2 Chronicles 23:1,laqach לָקַח [וַ/יִּקַּ֣ח],3947,3,3,False,,False,
2 Chronicles,2 Chronicles 23:13,ra'ah רָאָה [וַ/תֵּ֡רֶא],7200,2 Chronicles 23:8,laqach לָקַח [וַ/יִּקְחוּ֙],3947,5,3,False,,False,
2 Chronicles,2 Chronicles 24:11,ra'ah רָאָה [וְ/כִ/רְאוֹתָ֞/ם],7200,2 Chronicles 24:11,nasa נָשָׂא [וְ/יִשָּׂאֻ֖/הוּ],5375,0,1,False,,False,
2 Chronicles,2 Chronicles 25:17,ra'ah רָאָה [נִתְרָאֶ֥ה],7200,2 Chronicles 25:19,nasa נָשָׂא [וּ/נְשָׂאֲ/ךָ֥],5375,2,2,False,,False,
2 Chronicles,2 Chronicles 25:21,ra'ah רָאָה [וַ/יִּתְרָא֣וּ],7200,2 Chronicles 25:19,nasa נָשָׂא [וּ/נְשָׂאֲ/ךָ֥],5375,2,2,False,,False,
2 Chronicles,2 Chronicles 25:21,ra'ah רָאָה [וַ/יִּתְרָא֣וּ],7200,2 Chronicles 25:23,taphas תָּפַשׂ [תָּפַ֛שׂ],8610,2,2,False,,False,
2 Chronicles,2 Chronicles 26:5,ra'ah רָאָה [בִּ/רְאֹ֣ת],7200,2 Chronicles 25:28,nasa נָשָׂא [וַ/יִּשָּׂאֻ֖/הוּ],5375,5,3,False,,False,
2 Chronicles,2 Chronicles 26:5,ra'ah רָאָה [בִּ/רְאֹ֣ת],7200,2 Chronicles 26:1,laqach לָקַח [וַ/יִּקְח֞וּ],3947,4,3,False,,False,
Nehemiah,Nehemiah 4:8,ra'ah רָאָה [וָ/אֵ֣רֶא],7200,Nehemiah 4:11,nasa נָשָׂא [וְ/הַ/נֹּשְׂאִ֥ים],5375,3,3,False,,False,
Nehemiah,Nehemiah 6:16,ra'ah רָאָה [וַ/יִּֽרְא֗וּ],7200,Nehemiah 6:18,laqach לָקַח [לָקַ֕ח],3947,2,2,False,,False,
Nehemiah,Nehemiah 13:23,ra'ah רָאָה [רָאִ֤יתִי],7200,Nehemiah 13:25,nasa נָשָׂא [תִּשְׂאוּ֙],5375,2,2,False,,False,
Esther,Esther 1:4,ra'ah רָאָה [בְּ/הַרְאֹת֗/וֹ],7200,Esther 1:6,achaz אָחַז [אָחוּז֙],270,2,2,False,,False,
Esther,Esther 1:11,ra'ah רָאָה [לְ/הַרְא֨וֹת],7200,Esther 1:6,achaz אָחַז [אָחוּז֙],270,5,3,False,,False,
Esther,Esther 2:9,ra'ah רָאָה [הָ/רְאֻי֥וֹת],7200,Esther 2:7,laqach לָקַח [לְקָחָ֧/הּ],3947,2,2,False,,False,
Esther,Esther 2:9,ra'ah רָאָה [הָ/רְאֻי֥וֹת],7200,Esther 2:8,laqach לָקַח [וַ/תִּלָּקַ֤ח],3947,1,2,False,,False,
Esther,Esther 2:9,ra'ah רָאָה [הָ/רְאֻי֥וֹת],7200,Esther 2:9,nasa נָשָׂא [וַ/תִּשָּׂ֣א],5375,0,1,False,,True,
Esther,Esther 2:15,ra'ah רָאָה [רֹאֶֽי/הָ],7200,Esther 2:15,laqach לָקַח [לָקַֽח]; nasa נָשָׂא [נֹשֵׂ֣את],"3947,5375",0,1,False,,False,
Esther,Esther 2:15,ra'ah רָאָה [רֹאֶֽי/הָ],7200,Esther 2:16,laqach לָקַח [וַ/תִּלָּקַ֨ח],3947,1,2,False,,False,
Esther,Esther 2:15,ra'ah רָאָה [רֹאֶֽי/הָ],7200,Esther 2:17,nasa נָשָׂא [וַ/תִּשָּׂא],5375,2,2,False,,False,
Esther,Esther 3:4,ra'ah רָאָה [לִ/רְאוֹת֙],7200,Esther 3:1,nasa נָשָׂא [וַֽ/יְנַשְּׂאֵ֑/הוּ],5375,3,3,False,,False,
Esther,Esther 3:5,ra'ah רָאָה [וַ/יַּ֣רְא],7200,Esther 3:1,nasa נָשָׂא [וַֽ/יְנַשְּׂאֵ֑/הוּ],5375,4,3,False,,False,
Esther,Esther 5:2,ra'ah רָאָה [כִ/רְא֨וֹת],7200,Esther 5:2,nasa נָשָׂא [נָשְׂאָ֥ה],5375,0,1,False,,True,
Esther,Esther 5:9,ra'ah רָאָה [וְ/כִ/רְאוֹת֩],7200,Esther 5:11,nasa נָשָׂא [נִשְּׂא֔/וֹ],5375,2,2,False,,False,
Esther,Esther 5:13,ra'ah רָאָה [רֹאֶה֙],7200,Esther 5:11,nasa נָשָׂא [נִשְּׂא֔/וֹ],5375,2,2,False,,False,
Job,Job 2:13,ra'ah רָאָה [רָא֔וּ],7200,Job 2:8,laqach לָקַח [וַ/יִּֽקַּֽח],3947,5,3,False,,False,
Job,Job 2:13,ra'ah רָאָה [רָא֔וּ],7200,Job 2:12,nasa נָשָׂא [וַ/יִּשְׂא֨וּ]; nasa נָשָׂא [וַ/יִּשְׂא֥וּ],"5375,5375",1,2,False,,True,
Job,Job 3:9,ra'ah רָאָה [יִ֝רְאֶ֗ה],7200,Job 3:6,laqach לָקַח [יִקָּחֵ֪/ה֫וּ],3947,3,3,False,,False,
Job,Job 4:8,ra'ah רָאָה [רָ֭אִיתִי],7200,Job 4:12,laqach לָקַח [וַ/תִּקַּ֥ח],3947,4,3,False,,False,
Job,Job 5:3,ra'ah רָאָה [רָ֭אִיתִי],7200,Job 5:5,laqach לָקַח [יִקָּחֵ֑/הוּ],3947,2,2,False,,False,
Job,Job 7:8,shur שׁוּר [תְ֭שׁוּרֵ/נִי],7789,Job 7:13,nasa נָשָׂא [יִשָּׂ֥א],5375,5,3,False,,False,
Job,Job 7:19,sha'ah שָׁעָה [תִשְׁעֶ֣ה],8159,Job 7:21,nasa נָשָׂא [תִשָּׂ֣א],5375,2,2,False,,False,
Job,Job 10:18,ra'ah רָאָה [תִרְאֵֽ/נִי],7200,Job 10:15,nasa נָשָׂא [אֶשָּׂ֣א],5375,3,3,False,,False,
Job,Job 11:11,ra'ah רָאָה [וַ/יַּרְא],7200,Job 11:15,nasa נָשָׂא [תִּשָּׂ֣א],5375,4,3,False,,False,
Job,Job 15:17,chazah חָזָה [חָ֝זִ֗יתִי],2372,Job 15:12,laqach לָקַח [יִּקָּחֲ/ךָ֥],3947,5,3,False,,False,
Job,Job 20:17,ra'ah רָאָה [יֵ֥רֶא],7200,Job 20:19,gazal גָּזַל [גָּ֝זַ֗ל],1497,2,2,False,,False,
Job,Job 22:11,ra'ah רָאָה [תִרְאֶ֑ה],7200,Job 22:8,nasa נָשָׂא [וּ/נְשׂ֥וּא],5375,3,3,False,,False,
Job,Job 22:12,ra'ah רָאָה [וּ/רְאֵ֤ה],7200,Job 22:8,nasa נָשָׂא [וּ/נְשׂ֥וּא],5375,4,3,False,,False,
Job,Job 22:19,ra'ah רָאָה [יִרְא֣וּ],7200,Job 22:22,laqach לָקַח [קַח],3947,3,3,False,,False,
Job,Job 23:9,chazah חָזָה [אָ֑חַז]; ra'ah רָאָה [אֶרְאֶֽה],"2372,7200",Job 23:11,achaz אָחַז [אָחֲזָ֣ה],270,2,2,False,,False,
Job,Job 24:1,chazah חָזָה [חָ֥זוּ],2372,Job 24:2,gazal גָּזַל [גָּ֝זְל֗וּ],1497,1,2,False,,False,
Job,Job 24:15,shur שׁוּר [תְשׁוּרֵ֣/נִי],7789,Job 24:10,nasa נָשָׂא [נָ֣שְׂאוּ],5375,5,3,False,,False,
Job,Job 24:15,shur שׁוּר [תְשׁוּרֵ֣/נִי],7789,Job 24:19,gazal גָּזַל [יִגְזְל֥וּ],1497,4,3,False,,False,
Job,Job 27:12,chazah חָזָה [חֲזִיתֶ֑ם],2372,Job 27:13,laqach לָקַח [יִקָּֽחוּ],3947,1,2,False,,False,
Job,Job 28:24,nabat נָבַט [יַבִּ֑יט]; ra'ah רָאָה [יִרְאֶֽה],"5027,7200",Job 29:1,nasa נָשָׂא [שְׂאֵ֥ת],5375,5,3,False,,False,
Job,Job 28:27,ra'ah רָאָה [רָ֭אָ/הּ],7200,Job 29:1,nasa נָשָׂא [שְׂאֵ֥ת],5375,2,2,False,,False,
Job,Job 34:21,ra'ah רָאָה [יִרְאֶֽה],7200,Job 34:19,nasa נָשָׂא [נָשָׂ֨א],5375,2,2,False,,False,
Job,Job 34:26,ra'ah רָאָה [רֹאִֽים],7200,Job 34:31,nasa נָשָׂא [נָשָׂ֗אתִי],5375,5,3,False,,False,
Job,Job 34:29,shur שׁוּר [יְשׁוּרֶ֑/נּוּ],7789,Job 34:31,nasa נָשָׂא [נָשָׂ֗אתִי],5375,2,2,False,,False,
Job,Job 34:32,chazah חָזָה [אֶ֭חֱזֶה],2372,Job 34:31,nasa נָשָׂא [נָשָׂ֗אתִי],5375,1,2,False,,False,
Job,Job 35:5,nabat נָבַט [הַבֵּ֣ט]; ra'ah רָאָה [וּ/רְאֵ֑ה]; shur שׁוּר [וְ/שׁ֥וּר],"5027,7200,7789",Job 35:7,laqach לָקַח [יִקָּֽח],3947,2,2,False,,False,
Job,Job 35:14,shur שׁוּר [תְשׁוּרֶ֑/נּוּ],7789,Job 36:3,nasa נָשָׂא [אֶשָּׂ֣א],5375,5,3,False,,False,
Job,Job 38:17,ra'ah רָאָה [תִּרְאֶֽה],7200,Job 38:13,achaz אָחַז [לֶ֭/אֱחֹז],270,4,3,False,,False,
Job,Job 38:17,ra'ah רָאָה [תִּרְאֶֽה],7200,Job 38:20,laqach לָקַח [תִ֭קָּחֶ/נּוּ],3947,3,3,False,,False,
Job,Job 38:22,ra'ah רָאָה [תִּרְאֶֽה],7200,Job 38:20,laqach לָקַח [תִ֭קָּחֶ/נּוּ],3947,2,2,False,,False,
Job,Job 42:5,ra'ah רָאָה [רָאָֽתְ/ךָ],7200,Job 42:8,laqach לָקַח [קְחֽוּ]; nasa נָשָׂא [אֶשָּׂ֗א],"3947,5375",3,3,False,,False,
Job,Job 42:5,ra'ah רָאָה [רָאָֽתְ/ךָ],7200,Job 42:9,nasa נָשָׂא [וַ/יִּשָּׂ֥א],5375,4,3,False,,False,
Psalms,Psalms 4:7,ra'ah רָאָה [יַרְאֵ֪/נ֫וּ],7200,Psalms 4:7,nasa נָשָׂא [נְֽסָ/ה],5375,0,1,False,,False,
Psalms,Psalms 9:14,ra'ah רָאָה [רְאֵ֣ה],7200,Psalms 9:16,lakad לָכַד [נִלְכְּדָ֥ה],3920,2,2,False,,False,
Psalms,Psalms 10:11,ra'ah רָאָה [רָאָ֥ה],7200,Psalms 10:12,nasa נָשָׂא [נְשָׂ֣א],5375,1,2,False,,False,
Psalms,Psalms 10:14,ra'ah רָאָה [רָאִ֡תָה]; nabat נָבַט [תַּבִּיט֮],"7200,5027",Psalms 10:12,nasa נָשָׂא [נְשָׂ֣א],5375,2,2,False,,False,
Psalms,Psalms 18:16,ra'ah רָאָה [וַ/יֵּ֤רָא֨וּ],7200,Psalms 18:17,laqach לָקַח [יִקָּחֵ֑/נִי],3947,1,2,False,,False,
Psalms,Psalms 25:18,ra'ah רָאָה [רְאֵ֣ה],7200,Psalms 25:18,nasa נָשָׂא [וְ֝/שָׂ֗א],5375,0,1,False,,False,
Psalms,Psalms 25:19,ra'ah רָאָה [רְאֵֽה],7200,Psalms 25:18,nasa נָשָׂא [וְ֝/שָׂ֗א],5375,1,2,False,,False,
Psalms,Psalms 27:13,ra'ah רָאָה [לִ/רְא֥וֹת],7200,Psalms 28:2,nasa נָשָׂא [בְּ/נָשְׂאִ֥/י],5375,3,3,False,,False,
Psalms,Psalms 31:12,ra'ah רָאָה [רֹאַ֥/י],7200,Psalms 31:14,laqach לָקַח [לָ/קַ֖חַת],3947,2,2,False,,False,
Psalms,Psalms 48:6,ra'ah רָאָה [רָ֭אוּ],7200,Psalms 48:7,achaz אָחַז [אֲחָזָ֣תַ/ם],270,1,2,False,,False,
Psalms,Psalms 48:9,ra'ah רָאָה [רָאִ֗ינוּ],7200,Psalms 48:7,achaz אָחַז [אֲחָזָ֣תַ/ם],270,2,2,False,,False,
Psalms,Psalms 49:11,ra'ah רָאָה [יִרְאֶ֨ה],7200,Psalms 49:16,laqach לָקַח [יִקָּחֵ֣/נִי],3947,5,3,False,,False,
Psalms,Psalms 49:20,ra'ah רָאָה [יִרְאוּ],7200,Psalms 49:16,laqach לָקַח [יִקָּחֵ֣/נִי],3947,4,3,False,,False,
Psalms,Psalms 49:20,ra'ah רָאָה [יִרְאוּ],7200,Psalms 49:18,laqach לָקַח [יִקַּ֣ח],3947,2,2,False,,False,
Psalms,Psalms 50:18,ra'ah רָאָה [רָאִ֣יתָ],7200,Psalms 50:16,nasa נָשָׂא [וַ/תִּשָּׂ֖א],5375,2,2,False,,False,
Psalms,Psalms 55:10,ra'ah רָאָה [רָאִ֨יתִי],7200,Psalms 55:13,nasa נָשָׂא [וְ/אֶ֫שָּׂ֥א],5375,3,3,False,,False,
Psalms,Psalms 59:11,ra'ah רָאָה [יַרְאֵ֥/נִי],7200,Psalms 59:13,lakad לָכַד [וְ/יִלָּכְד֥וּ],3920,2,2,False,,False,
Psalms,Psalms 63:3,chazah חָזָה [חֲזִיתִ֑י/ךָ]; ra'ah רָאָה [לִ/רְא֥וֹת],"2372,7200",Psalms 63:5,nasa נָשָׂא [אֶשָּׂ֥א],5375,2,2,False,,False,
Psalms,Psalms 85:8,ra'ah רָאָה [הַרְאֵ֣/נוּ],7200,Psalms 85:3,nasa נָשָׂא [נָ֭שָׂאתָ],5375,5,3,False,,False,
Psalms,Psalms 89:49,ra'ah רָאָה [יִרְאֶה],7200,Psalms 89:51,nasa נָשָׂא [שְׂאֵתִ֥/י],5375,2,2,False,,False,
Psalms,Psalms 91:8,nabat נָבַט [תַבִּ֑יט]; ra'ah רָאָה [תִּרְאֶֽה],"5027,7200",Psalms 91:12,nasa נָשָׂא [יִשָּׂא֑וּ/נְ/ךָ],5375,4,3,False,,False,
Psalms,Psalms 91:16,ra'ah רָאָה [וְ֝/אַרְאֵ֗/הוּ],7200,Psalms 91:12,nasa נָשָׂא [יִשָּׂא֑וּ/נְ/ךָ],5375,4,3,True,chashaq חָשַׁק (Psalms 91:14),False,
Psalms,Psalms 94:7,ra'ah רָאָה [יִרְאֶה],7200,Psalms 94:2,nasa נָשָׂא [הִ֭נָּשֵׂא],5375,5,3,False,,False,
Psalms,Psalms 139:16,ra'ah רָאָה [רָ֘א֤וּ],7200,Psalms 139:20,nasa נָשָׂא [נָשֻׂ֖א],5375,4,3,False,,False,
Psalms,Psalms 139:24,ra'ah רָאָה [וּ/רְאֵ֗ה],7200,Psalms 139:20,nasa נָשָׂא [נָשֻׂ֖א],5375,4,3,False,,False,
Proverbs,Proverbs 6:6,ra'ah רָאָה [רְאֵ֖ה],7200,Proverbs 6:2,lakad לָכַד [נִ֝לְכַּ֗דְתָּ],3920,4,3,False,,False,
Proverbs,Proverbs 20:12,ra'ah רָאָה [רֹאָ֑ה],7200,Proverbs 20:16,laqach לָקַח [לְֽקַח],3947,4,3,False,,False,
Proverbs,Proverbs 22:29,chazah חָזָה [חָזִ֡יתָ],2372,Proverbs 22:25,laqach לָקַח [וְ/לָקַחְתָּ֖],3947,4,3,False,,False,
Proverbs,Proverbs 22:29,chazah חָזָה [חָזִ֡יתָ],2372,Proverbs 22:27,laqach לָקַח [יִקַּ֥ח],3947,2,2,False,,False,
Proverbs,Proverbs 24:32,chazah חָזָה [וָֽ/אֶחֱזֶ֣ה]; ra'ah רָאָה [רָ֝אִ֗יתִי],"2372,7200",Proverbs 24:32,laqach לָקַח [לָקַ֥חְתִּי],3947,0,1,False,,False,
Proverbs,Proverbs 27:12,ra'ah רָאָה [רָאָ֣ה],7200,Proverbs 27:13,laqach לָקַח [קַח],3947,1,2,False,,False,
Ecclesiastes,Ecclesiastes 1:16,ra'ah רָאָה [רָאָ֥ה],7200,Ecclesiastes 2:3,achaz אָחַז [וְ/לֶ/אֱחֹ֣ז],270,5,3,False,,False,
Ecclesiastes,Ecclesiastes 2:1,ra'ah רָאָה [וּ/רְאֵ֣ה],7200,Ecclesiastes 2:3,achaz אָחַז [וְ/לֶ/אֱחֹ֣ז],270,2,2,False,,False,
Ecclesiastes,Ecclesiastes 2:3,ra'ah רָאָה [אֶרְאֶ֗ה],7200,Ecclesiastes 2:3,achaz אָחַז [וְ/לֶ/אֱחֹ֣ז],270,0,1,False,,False,
Ecclesiastes,Ecclesiastes 5:12,ra'ah רָאָה [רָאִ֖יתִי],7200,Ecclesiastes 5:14,nasa נָשָׂא [יִשָּׂ֣א],5375,2,2,False,,False,
Ecclesiastes,Ecclesiastes 5:17,ra'ah רָאָה [רָאִ֣יתִי]; ra'ah רָאָה [וְ/לִ/רְא֨וֹת],"7200,7200",Ecclesiastes 5:14,nasa נָשָׂא [יִשָּׂ֣א],5375,3,3,False,,False,
Ecclesiastes,Ecclesiastes 5:17,ra'ah רָאָה [רָאִ֣יתִי]; ra'ah רָאָה [וְ/לִ/רְא֨וֹת],"7200,7200",Ecclesiastes 5:18,nasa נָשָׂא [וְ/לָ/שֵׂ֣את],5375,1,2,False,,False,
Ecclesiastes,Ecclesiastes 6:1,ra'ah רָאָה [רָאִ֖יתִי],7200,Ecclesiastes 5:18,nasa נָשָׂא [וְ/לָ/שֵׂ֣את],5375,2,2,False,,False,
Ecclesiastes,Ecclesiastes 7:13,ra'ah רָאָה [רְאֵ֖ה],7200,Ecclesiastes 7:18,achaz אָחַז [תֶּאֱחֹ֣ז],270,5,3,False,,False,
Ecclesiastes,Ecclesiastes 7:14,ra'ah רָאָה [רְאֵ֑ה],7200,Ecclesiastes 7:18,achaz אָחַז [תֶּאֱחֹ֣ז],270,4,3,False,,False,
Ecclesiastes,Ecclesiastes 7:15,ra'ah רָאָה [רָאִ֖יתִי],7200,Ecclesiastes 7:18,achaz אָחַז [תֶּאֱחֹ֣ז],270,3,3,False,,False,
Ecclesiastes,Ecclesiastes 7:27,ra'ah רָאָה [רְאֵה֙],7200,Ecclesiastes 7:26,lakad לָכַד [יִלָּ֥כֶד],3920,1,2,False,,False,
Ecclesiastes,Ecclesiastes 7:29,ra'ah רָאָה [רְאֵה],7200,Ecclesiastes 7:26,lakad לָכַד [יִלָּ֥כֶד],3920,3,3,False,,False,
Ecclesiastes,Ecclesiastes 9:9,ra'ah רָאָה [רְאֵ֨ה],7200,Ecclesiastes 9:12,achaz אָחַז [שֶׁ/נֶּֽאֱחָזִים֙]; achaz אָחַז [הָ/אֲחֻז֖וֹת],"270,270",3,3,False,,False,
Ecclesiastes,Ecclesiastes 9:11,ra'ah רָאָה [וְ/רָאֹ֣ה],7200,Ecclesiastes 9:12,achaz אָחַז [שֶׁ/נֶּֽאֱחָזִים֙]; achaz אָחַז [הָ/אֲחֻז֖וֹת],"270,270",1,2,False,,False,
Ecclesiastes,Ecclesiastes 9:13,ra'ah רָאָה [רָאִ֥יתִי],7200,Ecclesiastes 9:12,achaz אָחַז [שֶׁ/נֶּֽאֱחָזִים֙]; achaz אָחַז [הָ/אֲחֻז֖וֹת],"270,270",1,2,False,,False,
Song of Songs,Song of Songs 2:12,ra'ah רָאָה [נִרְא֣וּ],7200,Song of Songs 2:15,achaz אָחַז [אֶֽחֱזוּ],270,3,3,False,,False,
Song of Songs,Song of Songs 2:14,ra'ah רָאָה [הַרְאִ֨י/נִי֙],7200,Song of Songs 2:15,achaz אָחַז [אֶֽחֱזוּ],270,1,2,False,,False,
Song of Songs,Song of Songs 3:3,ra'ah רָאָה [רְאִיתֶֽם],7200,Song of Songs 2:15,achaz אָחַז [אֶֽחֱזוּ],270,5,3,False,,False,
Song of Songs,Song of Songs 3:3,ra'ah רָאָה [רְאִיתֶֽם],7200,Song of Songs 3:4,achaz אָחַז [אֲחַזְתִּי/ו֙],270,1,2,False,,False,
Song of Songs,Song of Songs 3:3,ra'ah רָאָה [רְאִיתֶֽם],7200,Song of Songs 3:8,achaz אָחַז [אֲחֻ֣זֵי],270,5,3,False,,False,
Song of Songs,Song of Songs 3:11,ra'ah רָאָה [וּֽ/רְאֶ֛ינָה],7200,Song of Songs 3:8,achaz אָחַז [אֲחֻ֣זֵי],270,3,3,False,,False,
Song of Songs,Song of Songs 7:5,tsaphah צָפָה [צוֹפֶ֖ה],6822,Song of Songs 7:9,achaz אָחַז [אֹֽחֲזָ֖ה],270,4,3,False,,False,
Song of Songs,Song of Songs 7:13,ra'ah רָאָה [נִרְאֶ֞ה],7200,Song of Songs 7:9,achaz אָחַז [אֹֽחֲזָ֖ה],270,4,3,False,,False,
Isaiah,Isaiah 1:12,ra'ah רָאָה [לֵ/רָא֖וֹת],7200,Isaiah 1:14,nasa נָשָׂא [נְשֹֽׂא],5375,2,2,False,,False,
Isaiah,Isaiah 2:1,chazah חָזָה [חָזָ֔ה],2372,Isaiah 2:2,nasa נָשָׂא [וְ/נִשָּׂ֖א],5375,1,2,False,,False,
Isaiah,Isaiah 2:1,chazah חָזָה [חָזָ֔ה],2372,Isaiah 2:4,nasa נָשָׂא [יִשָּׂ֨א],5375,3,3,False,,False,
Isaiah,Isaiah 5:30,nabat נָבַט [וְ/נִבַּ֤ט],5027,Isaiah 5:26,nasa נָשָׂא [וְ/נָֽשָׂא],5375,4,3,False,,False,
Isaiah,Isaiah 6:1,ra'ah רָאָה [וָ/אֶרְאֶ֧ה],7200,Isaiah 5:26,nasa נָשָׂא [וְ/נָֽשָׂא],5375,5,3,False,,False,
Isaiah,Isaiah 5:30,nabat נָבַט [וְ/נִבַּ֤ט],5027,Isaiah 5:29,achaz אָחַז [וְ/יֹאחֵ֣ז],270,1,2,False,,False,
Isaiah,Isaiah 6:1,ra'ah רָאָה [וָ/אֶרְאֶ֧ה],7200,Isaiah 5:29,achaz אָחַז [וְ/יֹאחֵ֣ז],270,2,2,False,,False,
Isaiah,Isaiah 5:30,nabat נָבַט [וְ/נִבַּ֤ט],5027,Isaiah 6:1,nasa נָשָׂא [וְ/נִשָּׂ֑א],5375,1,2,False,,False,
Isaiah,Isaiah 6:1,ra'ah רָאָה [וָ/אֶרְאֶ֧ה],7200,Isaiah 6:1,nasa נָשָׂא [וְ/נִשָּׂ֑א],5375,0,1,False,,False,
Isaiah,Isaiah 6:5,ra'ah רָאָה [רָא֥וּ],7200,Isaiah 6:1,nasa נָשָׂא [וְ/נִשָּׂ֑א],5375,4,3,False,,False,
Isaiah,Isaiah 6:1,ra'ah רָאָה [וָ/אֶרְאֶ֧ה],7200,Isaiah 6:6,laqach לָקַח [לָקַ֖ח],3947,5,3,False,,False,
Isaiah,Isaiah 6:5,ra'ah רָאָה [רָא֥וּ],7200,Isaiah 6:6,laqach לָקַח [לָקַ֖ח],3947,1,2,False,,False,
Isaiah,Isaiah 6:9,ra'ah רָאָה [וּ/רְא֥וּ]; ra'ah רָאָה [רָא֖וֹ],"7200,7200",Isaiah 6:6,laqach לָקַח [לָקַ֖ח],3947,3,3,False,,False,
Isaiah,Isaiah 6:10,ra'ah רָאָה [יִרְאֶ֨ה],7200,Isaiah 6:6,laqach לָקַח [לָקַ֖ח],3947,4,3,False,,False,
Isaiah,Isaiah 13:1,chazah חָזָה [חָזָ֔ה],2372,Isaiah 13:2,nasa נָשָׂא [שְֽׂאוּ],5375,1,2,False,,False,
Isaiah,Isaiah 18:3,ra'ah רָאָה [תִּרְא֔וּ],7200,Isaiah 18:3,nasa נָשָׂא [כִּ/נְשֹׂא],5375,0,1,False,,False,
Isaiah,Isaiah 18:4,nabat נָבַט [וְ/אַבִּ֣יטָה],5027,Isaiah 18:3,nasa נָשָׂא [כִּ/נְשֹׂא],5375,1,2,False,,False,
Isaiah,Isaiah 21:3,ra'ah רָאָה [מֵ/רְאֽוֹת],7200,Isaiah 21:3,achaz אָחַז [אֲחָז֔וּ/נִי],270,0,1,False,,False,
Isaiah,Isaiah 21:6,tsaphah צָפָה [הַֽ/מְצַפֶּ֔ה]; ra'ah רָאָה [יִרְאֶ֖ה],"6822,7200",Isaiah 21:3,achaz אָחַז [אֲחָז֔וּ/נִי],270,3,3,False,,False,
Isaiah,Isaiah 21:7,ra'ah רָאָה [וְ/רָ֣אָה],7200,Isaiah 21:3,achaz אָחַז [אֲחָז֔וּ/נִי],270,4,3,False,,False,
Isaiah,Isaiah 22:4,sha'ah שָׁעָה [שְׁע֥וּ],8159,Isaiah 22:6,nasa נָשָׂא [נָשָׂ֣א],5375,2,2,False,,False,
Isaiah,Isaiah 22:8,nabat נָבַט [וַ/תַּבֵּט֙],5027,Isaiah 22:6,nasa נָשָׂא [נָשָׂ֣א],5375,2,2,False,,False,
Isaiah,Isaiah 22:9,ra'ah רָאָה [רְאִיתֶ֖ם],7200,Isaiah 22:6,nasa נָשָׂא [נָשָׂ֣א],5375,3,3,False,,False,
Isaiah,Isaiah 22:11,nabat נָבַט [הִבַּטְתֶּם֙]; ra'ah רָאָה [רְאִיתֶֽם],"5027,7200",Isaiah 22:6,nasa נָשָׂא [נָשָׂ֣א],5375,5,3,False,,False,
Isaiah,Isaiah 30:10,ra'ah רָאָה [לָֽ/רֹאִים֙]; ra'ah רָאָה [תִרְא֔וּ]; chazah חָזָה [תֶחֱזוּ]; chazah חָזָה [חֲז֖וּ],"7200,7200,2372,2372",Isaiah 30:6,nasa נָשָׂא [יִשְׂאוּ֩],5375,4,3,False,,False,
Isaiah,Isaiah 30:20,ra'ah רָאָה [רֹא֥וֹת],7200,Isaiah 30:25,nasa נָשָׂא [נִשָּׂאָ֔ה],5375,5,3,False,,False,
Isaiah,Isaiah 30:30,ra'ah רָאָה [יַרְאֶ֔ה],7200,Isaiah 30:25,nasa נָשָׂא [נִשָּׂאָ֔ה],5375,5,3,False,,False,
Isaiah,Isaiah 33:15,ra'ah רָאָה [מֵ/רְא֥וֹת],7200,Isaiah 33:10,nasa נָשָׂא [אֶנָּשֵֽׂא],5375,5,3,False,,False,
Isaiah,Isaiah 33:15,ra'ah רָאָה [מֵ/רְא֥וֹת],7200,Isaiah 33:14,achaz אָחַז [אָחֲזָ֥ה],270,1,2,False,,False,
Isaiah,Isaiah 33:17,chazah חָזָה [תֶּחֱזֶ֣ינָה]; ra'ah רָאָה [תִּרְאֶ֖ינָה],"2372,7200",Isaiah 33:14,achaz אָחַז [אָחֲזָ֥ה],270,3,3,False,,False,
Isaiah,Isaiah 33:19,ra'ah רָאָה [תִרְאֶ֑ה],7200,Isaiah 33:14,achaz אָחַז [אָחֲזָ֥ה],270,5,3,False,,False,
Isaiah,Isaiah 33:19,ra'ah רָאָה [תִרְאֶ֑ה],7200,Isaiah 33:24,nasa נָשָׂא [נְשֻׂ֥א],5375,5,3,False,,False,
Isaiah,Isaiah 33:20,chazah חָזָה [חֲזֵ֣ה]; ra'ah רָאָה [תִרְאֶ֨ינָה],"2372,7200",Isaiah 33:24,nasa נָשָׂא [נְשֻׂ֥א],5375,4,3,False,,False,
Isaiah,Isaiah 37:17,ra'ah רָאָה [וּ/רְאֵ֑ה],7200,Isaiah 37:14,laqach לָקַח [וַ/יִּקַּ֨ח],3947,3,3,False,,False,
Isaiah,Isaiah 39:2,ra'ah רָאָה [וַ/יַּרְאֵ֣/ם]; ra'ah רָאָה [הֶרְאָ֧/ם],"7200,7200",Isaiah 38:21,nasa נָשָׂא [יִשְׂא֖וּ],5375,3,3,False,,False,
Isaiah,Isaiah 39:4,ra'ah רָאָה [רָא֖וּ]; ra'ah רָאָה [רָא֔וּ]; ra'ah רָאָה [הִרְאִיתִ֖י/ם],"7200,7200,7200",Isaiah 38:21,nasa נָשָׂא [יִשְׂא֖וּ],5375,5,3,False,,False,
Isaiah,Isaiah 39:2,ra'ah רָאָה [וַ/יַּרְאֵ֣/ם]; ra'ah רָאָה [הֶרְאָ֧/ם],"7200,7200",Isaiah 39:6,nasa נָשָׂא [וְ/נִשָּׂ֣א],5375,4,3,False,,False,
Isaiah,Isaiah 39:2,ra'ah רָאָה [וַ/יַּרְאֵ֣/ם]; ra'ah רָאָה [הֶרְאָ֧/ם],"7200,7200",Isaiah 39:7,laqach לָקַח [יִקָּ֑חוּ],3947,5,3,False,,False,
Isaiah,Isaiah 39:4,ra'ah רָאָה [רָא֖וּ]; ra'ah רָאָה [רָא֔וּ]; ra'ah רָאָה [הִרְאִיתִ֖י/ם],"7200,7200,7200",Isaiah 39:6,nasa נָשָׂא [וְ/נִשָּׂ֣א],5375,2,2,False,,False,
Isaiah,Isaiah 39:4,ra'ah רָאָה [רָא֖וּ]; ra'ah רָאָה [רָא֔וּ]; ra'ah רָאָה [הִרְאִיתִ֖י/ם],"7200,7200,7200",Isaiah 39:7,laqach לָקַח [יִקָּ֑חוּ],3947,3,3,False,,False,
Isaiah,Isaiah 40:5,ra'ah רָאָה [וְ/רָא֤וּ],7200,Isaiah 40:2,laqach לָקַח [לָקְחָה֙],3947,3,3,False,,False,
Isaiah,Isaiah 40:5,ra'ah רָאָה [וְ/רָא֤וּ],7200,Isaiah 40:4,nasa נָשָׂא [יִנָּשֵׂ֔א],5375,1,2,False,,False,
Isaiah,Isaiah 40:26,ra'ah רָאָה [וּ/רְאוּ֙],7200,Isaiah 40:24,nasa נָשָׂא [תִּשָּׂאֵֽ/ם],5375,2,2,False,,False,
Isaiah,Isaiah 40:26,ra'ah רָאָה [וּ/רְאוּ֙],7200,Isaiah 40:26,nasa נָשָׂא [שְׂאוּ],5375,0,1,False,,True,
Isaiah,Isaiah 41:20,ra'ah רָאָה [יִרְא֣וּ],7200,Isaiah 41:16,nasa נָשָׂא [תִּשָּׂאֵ֔/ם],5375,4,3,False,,False,
Isaiah,Isaiah 41:28,ra'ah רָאָה [וְ/אֵ֨רֶא֙],7200,Isaiah 42:2,nasa נָשָׂא [יִשָּׂ֑א],5375,3,3,False,,False,
Isaiah,Isaiah 44:9,ra'ah רָאָה [יִרְא֛וּ],7200,Isaiah 44:14,laqach לָקַח [וַ/יִּקַּ֤ח],3947,5,3,True,chamad חָמַד (Isaiah 44:9),False,
Isaiah,Isaiah 44:16,ra'ah רָאָה [רָאִ֥יתִי],7200,Isaiah 44:14,laqach לָקַח [וַ/יִּקַּ֤ח],3947,2,2,False,,False,
Isaiah,Isaiah 44:18,ra'ah רָאָה [מֵֽ/רְאוֹת֙],7200,Isaiah 44:14,laqach לָקַח [וַ/יִּקַּ֤ח],3947,4,3,False,,False,
Isaiah,Isaiah 44:16,ra'ah רָאָה [רָאִ֥יתִי],7200,Isaiah 44:15,laqach לָקַח [וַ/יִּקַּ֤ח],3947,1,2,False,,False,
Isaiah,Isaiah 44:18,ra'ah רָאָה [מֵֽ/רְאוֹת֙],7200,Isaiah 44:15,laqach לָקַח [וַ/יִּקַּ֤ח],3947,3,3,False,,False,
Isaiah,Isaiah 47:3,ra'ah רָאָה [תֵּרָאֶ֖ה],7200,Isaiah 47:2,laqach לָקַח [קְחִ֥י],3947,1,2,False,,False,
Isaiah,Isaiah 47:3,ra'ah רָאָה [תֵּרָאֶ֖ה],7200,Isaiah 47:3,laqach לָקַח [אֶקָּ֔ח],3947,0,1,False,,False,
Isaiah,Isaiah 49:18,ra'ah רָאָה [וּ/רְאִ֔י],7200,Isaiah 49:18,nasa נָשָׂא [שְׂאִֽי],5375,0,1,False,,True,
Isaiah,Isaiah 49:18,ra'ah רָאָה [וּ/רְאִ֔י],7200,Isaiah 49:22,nasa נָשָׂא [אֶשָּׂ֤א]; nasa נָשָׂא [תִּנָּשֶֽׂאנָה],"5375,5375",4,3,False,,False,
Isaiah,Isaiah 51:1,nabat נָבַט [הַבִּ֨יטוּ֙],5027,Isaiah 51:6,nasa נָשָׂא [שְׂאוּ֩],5375,5,3,False,,True,
Isaiah,Isaiah 51:2,nabat נָבַט [הַבִּ֨יטוּ֙],5027,Isaiah 51:6,nasa נָשָׂא [שְׂאוּ֩],5375,4,3,False,,True,
Isaiah,Isaiah 51:6,nabat נָבַט [וְֽ/הַבִּ֧יטוּ],5027,Isaiah 51:6,nasa נָשָׂא [שְׂאוּ֩],5375,0,1,False,,True,
Isaiah,Isaiah 52:8,tsaphah צָפָה [צֹפַ֛יִ/ךְ]; ra'ah רָאָה [יִרְא֔וּ],"6822,7200",Isaiah 52:5,laqach לָקַח [לֻקַּ֥ח],3947,3,3,False,,False,
Isaiah,Isaiah 52:10,ra'ah רָאָה [וְ/רָאוּ֙],7200,Isaiah 52:5,laqach לָקַח [לֻקַּ֥ח],3947,5,3,False,,False,
Isaiah,Isaiah 52:8,tsaphah צָפָה [צֹפַ֛יִ/ךְ]; ra'ah רָאָה [יִרְא֔וּ],"6822,7200",Isaiah 52:8,nasa נָשָׂא [נָ֥שְׂאוּ],5375,0,1,False,,True,
Isaiah,Isaiah 52:10,ra'ah רָאָה [וְ/רָאוּ֙],7200,Isaiah 52:8,nasa נָשָׂא [נָ֥שְׂאוּ],5375,2,2,False,,True,
Isaiah,Isaiah 52:8,tsaphah צָפָה [צֹפַ֛יִ/ךְ]; ra'ah רָאָה [יִרְא֔וּ],"6822,7200",Isaiah 52:11,nasa נָשָׂא [נֹשְׂאֵ֖י],5375,3,3,False,,False,
Isaiah,Isaiah 52:8,tsaphah צָפָה [צֹפַ֛יִ/ךְ]; ra'ah רָאָה [יִרְא֔וּ],"6822,7200",Isaiah 52:13,nasa נָשָׂא [וְ/נִשָּׂ֛א],5375,5,3,False,,False,
Isaiah,Isaiah 52:10,ra'ah רָאָה [וְ/רָאוּ֙],7200,Isaiah 52:11,nasa נָשָׂא [נֹשְׂאֵ֖י],5375,1,2,False,,False,
Isaiah,Isaiah 52:10,ra'ah רָאָה [וְ/רָאוּ֙],7200,Isaiah 52:13,nasa נָשָׂא [וְ/נִשָּׂ֛א],5375,3,3,False,,False,
Isaiah,Isaiah 52:15,ra'ah רָאָה [רָא֔וּ],7200,Isaiah 52:11,nasa נָשָׂא [נֹשְׂאֵ֖י],5375,4,3,False,,False,
Isaiah,Isaiah 52:15,ra'ah רָאָה [רָא֔וּ],7200,Isaiah 52:13,nasa נָשָׂא [וְ/נִשָּׂ֛א],5375,2,2,False,,False,
Isaiah,Isaiah 53:2,ra'ah רָאָה [וְ/נִרְאֵ֥/הוּ],7200,Isaiah 52:13,nasa נָשָׂא [וְ/נִשָּׂ֛א],5375,4,3,True,chamad חָמַד (Isaiah 53:2),False,
Isaiah,Isaiah 52:15,ra'ah רָאָה [רָא֔וּ],7200,Isaiah 53:4,nasa נָשָׂא [נָשָׂ֔א],5375,4,3,True,chamad חָמַד (Isaiah 53:2),False,
Isaiah,Isaiah 53:2,ra'ah רָאָה [וְ/נִרְאֵ֥/הוּ],7200,Isaiah 53:4,nasa נָשָׂא [נָשָׂ֔א],5375,2,2,True,chamad חָמַד (Isaiah 53:2),False,
Isaiah,Isaiah 53:10,ra'ah רָאָה [יִרְאֶ֥ה],7200,Isaiah 53:8,laqach לָקַח [לֻקָּ֔ח],3947,2,2,False,,False,
Isaiah,Isaiah 53:11,ra'ah רָאָה [יִרְאֶ֣ה],7200,Isaiah 53:8,laqach לָקַח [לֻקָּ֔ח],3947,3,3,False,,False,
Isaiah,Isaiah 53:10,ra'ah רָאָה [יִרְאֶ֥ה],7200,Isaiah 53:12,nasa נָשָׂא [נָשָׂ֔א],5375,2,2,False,,False,
Isaiah,Isaiah 53:11,ra'ah רָאָה [יִרְאֶ֣ה],7200,Isaiah 53:12,nasa נָשָׂא [נָשָׂ֔א],5375,1,2,False,,False,
Isaiah,Isaiah 56:10,tsaphah צָפָה [צפו]; tsaphah צָפָה [צֹפָ֞י/ו],"6822,6822",Isaiah 56:12,laqach לָקַח [אֶקְחָה],3947,2,2,False,,False,
Isaiah,Isaiah 57:8,chazah חָזָה [חָזִֽית],2372,Isaiah 57:7,nasa נָשָׂא [וְ/נִשָּׂ֔א],5375,1,2,False,,False,
Isaiah,Isaiah 57:8,chazah חָזָה [חָזִֽית],2372,Isaiah 57:13,nasa נָשָׂא [יִשָּׂא]; laqach לָקַח [יִקַּח],"5375,3947",5,3,False,,False,
Isaiah,Isaiah 57:18,ra'ah רָאָה [רָאִ֖יתִי],7200,Isaiah 57:13,nasa נָשָׂא [יִשָּׂא]; laqach לָקַח [יִקַּח],"5375,3947",5,3,False,,False,
Isaiah,Isaiah 57:18,ra'ah רָאָה [רָאִ֖יתִי],7200,Isaiah 57:15,nasa נָשָׂא [וְ/נִשָּׂ֗א],5375,3,3,False,,False,
Isaiah,Isaiah 60:2,ra'ah רָאָה [יֵרָאֶֽה],7200,Isaiah 60:4,nasa נָשָׂא [שְׂאִֽי],5375,2,2,False,,True,
Isaiah,Isaiah 60:2,ra'ah רָאָה [יֵרָאֶֽה],7200,Isaiah 60:6,nasa נָשָׂא [יִשָּׂ֔אוּ],5375,4,3,False,,False,
Isaiah,Isaiah 60:4,ra'ah רָאָה [וּ/רְאִ֔י],7200,Isaiah 60:4,nasa נָשָׂא [שְׂאִֽי],5375,0,1,False,,True,
Isaiah,Isaiah 60:5,ra'ah רָאָה [תִּרְאִי֙],7200,Isaiah 60:4,nasa נָשָׂא [שְׂאִֽי],5375,1,2,False,,True,
Isaiah,Isaiah 60:4,ra'ah רָאָה [וּ/רְאִ֔י],7200,Isaiah 60:6,nasa נָשָׂא [יִשָּׂ֔אוּ],5375,2,2,False,,False,
Isaiah,Isaiah 60:5,ra'ah רָאָה [תִּרְאִי֙],7200,Isaiah 60:6,nasa נָשָׂא [יִשָּׂ֔אוּ],5375,1,2,False,,False,
Isaiah,Isaiah 63:5,nabat נָבַט [וְ/אַבִּיט֙],5027,Isaiah 63:9,nasa נָשָׂא [וַֽ/יְנַשְּׂאֵ֖/ם],5375,4,3,False,,False,
Isaiah,Isaiah 64:3,ra'ah רָאָה [רָאָ֗תָה],7200,Isaiah 64:5,nasa נָשָׂא [יִשָּׂאֻֽ/נוּ],5375,2,2,False,,False,
Isaiah,Isaiah 64:8,nabat נָבַט [הַבֶּט],5027,Isaiah 64:5,nasa נָשָׂא [יִשָּׂאֻֽ/נוּ],5375,3,3,False,,False,
Isaiah,Isaiah 66:8,ra'ah רָאָה [רָאָה֙],7200,Isaiah 66:12,nasa נָשָׂא [תִּנָּשֵׂ֔אוּ],5375,4,3,False,,False,
Isaiah,Isaiah 66:14,ra'ah רָאָה [וּ/רְאִיתֶם֙],7200,Isaiah 66:12,nasa נָשָׂא [תִּנָּשֵׂ֔אוּ],5375,2,2,False,,False,
Isaiah,Isaiah 66:18,ra'ah רָאָה [וְ/רָא֥וּ],7200,Isaiah 66:21,laqach לָקַח [אֶקַּ֛ח],3947,3,3,False,,False,
Isaiah,Isaiah 66:19,ra'ah רָאָה [רָא֣וּ],7200,Isaiah 66:21,laqach לָקַח [אֶקַּ֛ח],3947,2,2,False,,False,
Isaiah,Isaiah 66:24,ra'ah רָאָה [וְ/רָא֔וּ],7200,Isaiah 66:21,laqach לָקַח [אֶקַּ֛ח],3947,3,3,False,,False,
Jeremiah,Jeremiah 2:10,ra'ah רָאָה [וּ/רְא֔וּ]; ra'ah רָאָה [וּ/רְא֕וּ],"7200,7200",Jeremiah 2:8,taphas תָּפַשׂ [וְ/תֹפְשֵׂ֤י],8610,2,2,False,,False,
Jeremiah,Jeremiah 2:31,ra'ah רָאָה [רְא֣וּ],7200,Jeremiah 2:30,laqach לָקַח [לָקָ֑חוּ],3947,1,2,False,,False,
Jeremiah,Jeremiah 3:2,ra'ah רָאָה [וּ/רְאִ֗י],7200,Jeremiah 3:2,nasa נָשָׂא [שְׂאִֽי],5375,0,1,False,,True,
Jeremiah,Jeremiah 3:6,ra'ah רָאָה [הֲֽ/רָאִ֔יתָ],7200,Jeremiah 3:2,nasa נָשָׂא [שְׂאִֽי],5375,4,3,False,,True,
Jeremiah,Jeremiah 3:7,ra'ah רָאָה [ו/תראה]; ra'ah רָאָה [וַ/תֵּ֛רֶא],"7200,7200",Jeremiah 3:2,nasa נָשָׂא [שְׂאִֽי],5375,5,3,False,,True,
Jeremiah,Jeremiah 5:1,ra'ah רָאָה [וּ/רְאוּ],7200,Jeremiah 5:3,laqach לָקַח [קַ֣חַת],3947,2,2,False,,False,
Jeremiah,Jeremiah 5:21,ra'ah רָאָה [יִרְא֔וּ],7200,Jeremiah 5:26,lakad לָכַד [יִלְכֹּֽדוּ],3920,5,3,False,,False,
Jeremiah,Jeremiah 5:26,shur שׁוּר [יָשׁוּר֙],7789,Jeremiah 5:26,lakad לָכַד [יִלְכֹּֽדוּ],3920,0,1,False,,False,
Jeremiah,Jeremiah 6:1,shaqaph שָׁקַף [נִשְׁקְפָ֥ה],8259,Jeremiah 6:1,nasa נָשָׂא [שְׂא֣וּ],5375,0,1,False,,False,
Jeremiah,Jeremiah 6:16,ra'ah רָאָה [וּ/רְא֜וּ],7200,Jeremiah 6:11,lakad לָכַד [יִלָּכֵ֔דוּ],3920,5,3,False,,False,
Jeremiah,Jeremiah 7:11,ra'ah רָאָה [רָאִ֖יתִי],7200,Jeremiah 7:16,nasa נָשָׂא [תִּשָּׂ֧א],5375,5,3,False,,False,
Jeremiah,Jeremiah 7:12,ra'ah רָאָה [וּ/רְאוּ֙],7200,Jeremiah 7:16,nasa נָשָׂא [תִּשָּׂ֧א],5375,4,3,False,,False,
Jeremiah,Jeremiah 7:17,ra'ah רָאָה [רֹאֶ֔ה],7200,Jeremiah 7:16,nasa נָשָׂא [תִּשָּׂ֧א],5375,1,2,False,,False,
Jeremiah,Jeremiah 11:18,ra'ah רָאָה [הִרְאִיתַ֥/נִי],7200,Jeremiah 11:14,nasa נָשָׂא [תִּשָּׂ֥א],5375,4,3,False,,False,
Jeremiah,Jeremiah 13:20,ra'ah רָאָה [ו/ראי]; ra'ah רָאָה [וּ/רְא֔וּ],"7200,7200",Jeremiah 13:20,nasa נָשָׂא [שאי]; nasa נָשָׂא [שְׂא֤וּ],"5375,5375",0,1,False,,True,
Jeremiah,Jeremiah 13:20,ra'ah רָאָה [ו/ראי]; ra'ah רָאָה [וּ/רְא֔וּ],"7200,7200",Jeremiah 13:21,achaz אָחַז [יֹאחֱז֔וּ/ךְ],270,1,2,False,,False,
Jeremiah,Jeremiah 13:26,ra'ah רָאָה [וְ/נִרְאָ֖ה],7200,Jeremiah 13:21,achaz אָחַז [יֹאחֱז֔וּ/ךְ],270,5,3,False,,False,
Jeremiah,Jeremiah 18:17,ra'ah רָאָה [אֶרְאֵ֖/ם],7200,Jeremiah 18:22,lakad לָכַד [לְ/לָכְדֵ֔/נִי],3920,5,3,False,,False,
Jeremiah,Jeremiah 20:4,ra'ah רָאָה [רֹא֑וֹת],7200,Jeremiah 20:5,laqach לָקַח [וּ/לְקָח֔וּ/ם],3947,1,2,False,,False,
Jeremiah,Jeremiah 20:12,ra'ah רָאָה [רֹאֶ֥ה]; ra'ah רָאָה [אֶרְאֶ֤ה],"7200,7200",Jeremiah 20:10,laqach לָקַח [וְ/נִקְחָ֥ה],3947,2,2,False,,False,
Jeremiah,Jeremiah 32:4,ra'ah רָאָה [תִּרְאֶֽינָה],7200,Jeremiah 32:3,lakad לָכַד [וּ/לְכָדָֽ/הּ],3920,1,2,False,,False,
Jeremiah,Jeremiah 32:24,ra'ah רָאָה [רֹאֶֽה],7200,Jeremiah 32:24,lakad לָכַד [לְ/לָכְדָ/הּ֒],3920,0,1,False,,False,
Jeremiah,Jeremiah 32:24,ra'ah רָאָה [רֹאֶֽה],7200,Jeremiah 32:28,lakad לָכַד [וּ/לְכָדָֽ/הּ],3920,4,3,False,,False,
Jeremiah,Jeremiah 33:24,ra'ah רָאָה [רָאִ֗יתָ],7200,Jeremiah 33:26,laqach לָקַח [מִ/קַּ֤חַת],3947,2,2,False,,False,
Jeremiah,Jeremiah 33:24,ra'ah רָאָה [רָאִ֗יתָ],7200,Jeremiah 34:3,taphas תָּפַשׂ [תָּפֹ֣שׂ]; taphas תָּפַשׂ [תִּתָּפֵ֔שׂ],"8610,8610",5,3,False,,False,
Jeremiah,Jeremiah 34:3,ra'ah רָאָה [תִּרְאֶ֗ינָה],7200,Jeremiah 33:26,laqach לָקַח [מִ/קַּ֤חַת],3947,3,3,False,,False,
Jeremiah,Jeremiah 34:3,ra'ah רָאָה [תִּרְאֶ֗ינָה],7200,Jeremiah 34:3,taphas תָּפַשׂ [תָּפֹ֣שׂ]; taphas תָּפַשׂ [תִּתָּפֵ֔שׂ],"8610,8610",0,1,False,,False,
Jeremiah,Jeremiah 38:21,ra'ah רָאָה [הִרְאַ֖/נִי],7200,Jeremiah 38:23,taphas תָּפַשׂ [תִּתָּפֵ֔שׂ],8610,2,2,False,,False,
Jeremiah,Jeremiah 39:4,ra'ah רָאָה [רָ֠אָ/ם],7200,Jeremiah 38:28,lakad לָכַד [נִלְכְּדָ֣ה]; lakad לָכַד [נִלְכְּדָ֖ה],"3920,3920",4,3,False,,False,
Jeremiah,Jeremiah 39:4,ra'ah רָאָה [רָ֠אָ/ם],7200,Jeremiah 39:5,laqach לָקַח [וַ/יִּקְח֣וּ],3947,1,2,False,,False,
Jeremiah,Jeremiah 40:4,ra'ah רָאָה [רְאֵה֙],7200,Jeremiah 40:1,laqach לָקַח [בְּ/קַחְתּ֣/וֹ],3947,3,3,False,,False,
Jeremiah,Jeremiah 40:4,ra'ah רָאָה [רְאֵה֙],7200,Jeremiah 40:2,laqach לָקַח [וַ/יִּקַּ֥ח],3947,2,2,False,,False,
Jeremiah,Jeremiah 41:13,ra'ah רָאָה [כִּ/רְא֤וֹת],7200,Jeremiah 41:12,laqach לָקַח [וַ/יִּקְחוּ֙],3947,1,2,False,,False,
Jeremiah,Jeremiah 41:13,ra'ah רָאָה [כִּ/רְא֤וֹת],7200,Jeremiah 41:16,laqach לָקַח [וַ/יִּקַּח֩],3947,3,3,False,,False,
Jeremiah,Jeremiah 42:2,ra'ah רָאָה [רֹא֥וֹת],7200,Jeremiah 41:16,laqach לָקַח [וַ/יִּקַּח֩],3947,4,3,False,,False,
Jeremiah,Jeremiah 44:2,ra'ah רָאָה [רְאִיתֶ֗ם],7200,Jeremiah 43:10,laqach לָקַח [וְ֠/לָקַחְתִּי],3947,5,3,False,,False,
Jeremiah,Jeremiah 44:17,ra'ah רָאָה [רָאִֽינוּ],7200,Jeremiah 44:12,laqach לָקַח [וְ/לָקַחְתִּ֞י],3947,5,3,False,,False,
Jeremiah,Jeremiah 44:17,ra'ah רָאָה [רָאִֽינוּ],7200,Jeremiah 44:14,nasa נָשָׂא [מְנַשְּׂאִ֤ים],5375,3,3,False,,False,
Jeremiah,Jeremiah 44:17,ra'ah רָאָה [רָאִֽינוּ],7200,Jeremiah 44:22,nasa נָשָׂא [לָ/שֵׂ֗את],5375,5,3,False,,False,
Jeremiah,Jeremiah 46:5,ra'ah רָאָה [רָאִ֗יתִי],7200,Jeremiah 46:9,taphas תָּפַשׂ [תֹּפְשֵׂ֣י]; taphas תָּפַשׂ [תֹּפְשֵׂ֖י],"8610,8610",4,3,False,,False,
Jeremiah,Jeremiah 51:61,ra'ah רָאָה [וְֽ/רָאִ֔יתָ],7200,Jeremiah 51:56,lakad לָכַד [וְ/נִלְכְּדוּ֙],3920,5,3,False,,False,
Jeremiah,Jeremiah 52:25,ra'ah רָאָה [מֵ/רֹאֵ֤י],7200,Jeremiah 52:24,laqach לָקַח [וַ/יִּקַּ֣ח],3947,1,2,False,,False,
Jeremiah,Jeremiah 52:25,ra'ah רָאָה [מֵ/רֹאֵ֤י],7200,Jeremiah 52:25,laqach לָקַח [לָקַח֩],3947,0,1,False,,False,
Jeremiah,Jeremiah 52:25,ra'ah רָאָה [מֵ/רֹאֵ֤י],7200,Jeremiah 52:26,laqach לָקַח [וַ/יִּקַּ֣ח],3947,1,2,False,,False,
Lamentations,Lamentations 2:14,chazah חָזָה [חָ֤זוּ]; chazah חָזָה [וַ/יֶּ֣חֱזוּ],"2372,2372",Lamentations 2:19,nasa נָשָׂא [שְׂאִ֧י],5375,5,3,False,,False,
Lamentations,Lamentations 2:16,ra'ah רָאָה [רָאִֽינוּ],7200,Lamentations 2:19,nasa נָשָׂא [שְׂאִ֧י],5375,3,3,False,,False,
Lamentations,Lamentations 2:20,ra'ah רָאָה [רְאֵ֤ה]; nabat נָבַט [וְֽ/הַבִּ֔יטָ/ה],"7200,5027",Lamentations 2:19,nasa נָשָׂא [שְׂאִ֧י],5375,1,2,False,,False,
Lamentations,Lamentations 3:1,ra'ah רָאָה [רָאָ֣ה],7200,Lamentations 2:19,nasa נָשָׂא [שְׂאִ֧י],5375,4,3,False,,False,
Lamentations,Lamentations 3:36,ra'ah רָאָה [רָאָֽה],7200,Lamentations 3:41,nasa נָשָׂא [נִשָּׂ֤א],5375,5,3,False,,False,
Lamentations,Lamentations 4:16,nabat נָבַט [לְ/הַבִּיטָ֑/ם],5027,Lamentations 4:16,nasa נָשָׂא [נָשָׂ֔אוּ],5375,0,1,False,,False,
Lamentations,Lamentations 4:17,tsaphah צָפָה [צִפִּ֔ינוּ],6822,Lamentations 4:16,nasa נָשָׂא [נָשָׂ֔אוּ],5375,1,2,False,,False,
Lamentations,Lamentations 4:16,nabat נָבַט [לְ/הַבִּיטָ֑/ם],5027,Lamentations 4:20,lakad לָכַד [נִלְכַּ֖ד],3920,4,3,False,,False,
Lamentations,Lamentations 4:17,tsaphah צָפָה [צִפִּ֔ינוּ],6822,Lamentations 4:20,lakad לָכַד [נִלְכַּ֖ד],3920,3,3,False,,False,
Lamentations,Lamentations 5:1,nabat נָבַט [הביט]; nabat נָבַט [הַבִּ֖יטָ/ה]; ra'ah רָאָה [וּ/רְאֵ֥ה],"5027,5027,7200",Lamentations 4:20,lakad לָכַד [נִלְכַּ֖ד],3920,3,3,False,,False,
Ezekiel,Ezekiel 1:1,ra'ah רָאָה [וָ/אֶרְאֶ֖ה],7200,Ezekiel 1:4,laqach לָקַח [מִתְלַקַּ֔חַת],3947,3,3,False,,False,
Ezekiel,Ezekiel 1:4,ra'ah רָאָה [וָ/אֵ֡רֶא],7200,Ezekiel 1:4,laqach לָקַח [מִתְלַקַּ֔חַת],3947,0,1,False,,False,
Ezekiel,Ezekiel 1:15,ra'ah רָאָה [וָ/אֵ֖רֶא],7200,Ezekiel 1:19,nasa נָשָׂא [וּ/בְ/הִנָּשֵׂ֤א]; nasa נָשָׂא [יִנָּשְׂא֖וּ],"5375,5375",4,3,False,,False,
Ezekiel,Ezekiel 1:15,ra'ah רָאָה [וָ/אֵ֖רֶא],7200,Ezekiel 1:20,nasa נָשָׂא [יִנָּשְׂאוּ֙],5375,5,3,False,,False,
Ezekiel,Ezekiel 3:17,tsaphah צָפָה [צֹפֶ֥ה],6822,Ezekiel 3:12,nasa נָשָׂא [וַ/תִּשָּׂאֵ֣/נִי],5375,5,3,False,,False,
Ezekiel,Ezekiel 3:17,tsaphah צָפָה [צֹפֶ֥ה],6822,Ezekiel 3:14,nasa נָשָׂא [נְשָׂאַ֖תְ/נִי]; laqach לָקַח [וַ/תִּקָּחֵ֑/נִי],"5375,3947",3,3,False,,False,
Ezekiel,Ezekiel 3:23,ra'ah רָאָה [רָאִ֖יתִי],7200,Ezekiel 4:1,laqach לָקַח [קַח],3947,5,3,False,,False,
Ezekiel,Ezekiel 4:15,ra'ah רָאָה [רְאֵ֗ה],7200,Ezekiel 5:1,laqach לָקַח [קַח]; laqach לָקַח [תִּקָּחֶ֣/נָּה]; laqach לָקַח [וְ/לָקַחְתָּ֥],"3947,3947,3947",3,3,False,,False,
Ezekiel,Ezekiel 4:15,ra'ah רָאָה [רְאֵ֗ה],7200,Ezekiel 5:2,laqach לָקַח [וְ/לָֽקַחְתָּ֣],3947,4,3,False,,False,
Ezekiel,Ezekiel 4:15,ra'ah רָאָה [רְאֵ֗ה],7200,Ezekiel 5:3,laqach לָקַח [וְ/לָקַחְתָּ֥],3947,5,3,False,,False,
Ezekiel,Ezekiel 8:2,ra'ah רָאָה [וָ/אֶרְאֶ֗ה],7200,Ezekiel 8:3,laqach לָקַח [וַ/יִּקָּחֵ֖/נִי]; nasa נָשָׂא [וַ/תִּשָּׂ֣א],"3947,5375",1,2,False,,False,
Ezekiel,Ezekiel 8:2,ra'ah רָאָה [וָ/אֶרְאֶ֗ה],7200,Ezekiel 8:5,nasa נָשָׂא [שָׂא]; nasa נָשָׂא [וָ/אֶשָּׂ֤א],"5375,5375",3,3,False,,True,
Ezekiel,Ezekiel 8:4,ra'ah רָאָה [רָאִ֖יתִי],7200,Ezekiel 8:3,laqach לָקַח [וַ/יִּקָּחֵ֖/נִי]; nasa נָשָׂא [וַ/תִּשָּׂ֣א],"3947,5375",1,2,False,,False,
Ezekiel,Ezekiel 8:6,ra'ah רָאָה [הֲ/רֹאֶ֥ה]; ra'ah רָאָה [תִּרְאֶ֔ה],"7200,7200",Ezekiel 8:3,laqach לָקַח [וַ/יִּקָּחֵ֖/נִי]; nasa נָשָׂא [וַ/תִּשָּׂ֣א],"3947,5375",3,3,False,,False,
Ezekiel,Ezekiel 8:7,ra'ah רָאָה [וָ/אֶרְאֶ֕ה],7200,Ezekiel 8:3,laqach לָקַח [וַ/יִּקָּחֵ֖/נִי]; nasa נָשָׂא [וַ/תִּשָּׂ֣א],"3947,5375",4,3,False,,False,
Ezekiel,Ezekiel 8:4,ra'ah רָאָה [רָאִ֖יתִי],7200,Ezekiel 8:5,nasa נָשָׂא [שָׂא]; nasa נָשָׂא [וָ/אֶשָּׂ֤א],"5375,5375",1,2,False,,True,
Ezekiel,Ezekiel 8:6,ra'ah רָאָה [הֲ/רֹאֶ֥ה]; ra'ah רָאָה [תִּרְאֶ֔ה],"7200,7200",Ezekiel 8:5,nasa נָשָׂא [שָׂא]; nasa נָשָׂא [וָ/אֶשָּׂ֤א],"5375,5375",1,2,False,,True,
Ezekiel,Ezekiel 8:7,ra'ah רָאָה [וָ/אֶרְאֶ֕ה],7200,Ezekiel 8:5,nasa נָשָׂא [שָׂא]; nasa נָשָׂא [וָ/אֶשָּׂ֤א],"5375,5375",2,2,False,,True,
Ezekiel,Ezekiel 8:9,ra'ah רָאָה [וּ/רְאֵה֙],7200,Ezekiel 8:5,nasa נָשָׂא [שָׂא]; nasa נָשָׂא [וָ/אֶשָּׂ֤א],"5375,5375",4,3,False,,True,
Ezekiel,Ezekiel 8:10,ra'ah רָאָה [וָֽ/אֶרְאֶה֒],7200,Ezekiel 8:5,nasa נָשָׂא [שָׂא]; nasa נָשָׂא [וָ/אֶשָּׂ֤א],"5375,5375",5,3,False,,True,
Ezekiel,Ezekiel 10:1,ra'ah רָאָה [וָ/אֶרְאֶ֗ה]; ra'ah רָאָה [נִרְאָ֖ה],"7200,7200",Ezekiel 10:6,laqach לָקַח [קַ֥ח],3947,5,3,False,,False,
Ezekiel,Ezekiel 10:8,ra'ah רָאָה [וַ/יֵּרָ֖א],7200,Ezekiel 10:6,laqach לָקַח [קַ֥ח],3947,2,2,False,,False,
Ezekiel,Ezekiel 10:9,ra'ah רָאָה [וָ/אֶרְאֶ֗ה],7200,Ezekiel 10:6,laqach לָקַח [קַ֥ח],3947,3,3,False,,False,
Ezekiel,Ezekiel 10:8,ra'ah רָאָה [וַ/יֵּרָ֖א],7200,Ezekiel 10:7,nasa נָשָׂא [וַ/יִּשָּׂא֙]; laqach לָקַח [וַ/יִּקַּ֖ח],"5375,3947",1,2,False,,False,
Ezekiel,Ezekiel 10:9,ra'ah רָאָה [וָ/אֶרְאֶ֗ה],7200,Ezekiel 10:7,nasa נָשָׂא [וַ/יִּשָּׂא֙]; laqach לָקַח [וַ/יִּקַּ֖ח],"5375,3947",2,2,False,,False,
Ezekiel,Ezekiel 10:15,ra'ah רָאָה [רָאִ֖יתִי],7200,Ezekiel 10:16,nasa נָשָׂא [וּ/בִ/שְׂאֵ֨ת],5375,1,2,False,,False,
Ezekiel,Ezekiel 10:15,ra'ah רָאָה [רָאִ֖יתִי],7200,Ezekiel 10:19,nasa נָשָׂא [וַ/יִּשְׂא֣וּ],5375,4,3,False,,True,
Ezekiel,Ezekiel 10:20,ra'ah רָאָה [רָאִ֛יתִי],7200,Ezekiel 10:16,nasa נָשָׂא [וּ/בִ/שְׂאֵ֨ת],5375,4,3,False,,False,
Ezekiel,Ezekiel 10:20,ra'ah רָאָה [רָאִ֛יתִי],7200,Ezekiel 10:19,nasa נָשָׂא [וַ/יִּשְׂא֣וּ],5375,1,2,False,,True,
Ezekiel,Ezekiel 10:22,ra'ah רָאָה [רָאִ֨יתִי֙],7200,Ezekiel 10:19,nasa נָשָׂא [וַ/יִּשְׂא֣וּ],5375,3,3,False,,True,
Ezekiel,Ezekiel 11:1,ra'ah רָאָה [וָ/אֶרְאֶ֨ה],7200,Ezekiel 10:19,nasa נָשָׂא [וַ/יִּשְׂא֣וּ],5375,4,3,False,,True,
Ezekiel,Ezekiel 10:20,ra'ah רָאָה [רָאִ֛יתִי],7200,Ezekiel 11:1,nasa נָשָׂא [וַ/תִּשָּׂ֨א],5375,3,3,False,,False,
Ezekiel,Ezekiel 10:22,ra'ah רָאָה [רָאִ֨יתִי֙],7200,Ezekiel 11:1,nasa נָשָׂא [וַ/תִּשָּׂ֨א],5375,1,2,False,,False,
Ezekiel,Ezekiel 11:1,ra'ah רָאָה [וָ/אֶרְאֶ֨ה],7200,Ezekiel 11:1,nasa נָשָׂא [וַ/תִּשָּׂ֨א],5375,0,1,False,,False,
Ezekiel,Ezekiel 11:24,ra'ah רָאָה [רָאִֽיתִי],7200,Ezekiel 11:22,nasa נָשָׂא [וַ/יִּשְׂא֤וּ],5375,2,2,False,,False,
Ezekiel,Ezekiel 11:25,ra'ah רָאָה [הֶרְאָֽ/נִי],7200,Ezekiel 11:22,nasa נָשָׂא [וַ/יִּשְׂא֤וּ],5375,3,3,False,,False,
Ezekiel,Ezekiel 12:2,ra'ah רָאָה [לִ/רְא֜וֹת]; ra'ah רָאָה [רָא֗וּ],"7200,7200",Ezekiel 11:22,nasa נָשָׂא [וַ/יִּשְׂא֤וּ],5375,5,3,False,,False,
Ezekiel,Ezekiel 11:24,ra'ah רָאָה [רָאִֽיתִי],7200,Ezekiel 11:24,nasa נָשָׂא [נְשָׂאַ֗תְ/נִי],5375,0,1,False,,False,
Ezekiel,Ezekiel 11:25,ra'ah רָאָה [הֶרְאָֽ/נִי],7200,Ezekiel 11:24,nasa נָשָׂא [נְשָׂאַ֗תְ/נִי],5375,1,2,False,,False,
Ezekiel,Ezekiel 12:2,ra'ah רָאָה [לִ/רְא֜וֹת]; ra'ah רָאָה [רָא֗וּ],"7200,7200",Ezekiel 11:24,nasa נָשָׂא [נְשָׂאַ֗תְ/נִי],5375,3,3,False,,False,
Ezekiel,Ezekiel 12:3,ra'ah רָאָה [יִרְא֔וּ],7200,Ezekiel 11:24,nasa נָשָׂא [נְשָׂאַ֗תְ/נִי],5375,4,3,False,,False,
Ezekiel,Ezekiel 12:2,ra'ah רָאָה [לִ/רְא֜וֹת]; ra'ah רָאָה [רָא֗וּ],"7200,7200",Ezekiel 12:6,nasa נָשָׂא [תִּשָּׂא֙],5375,4,3,False,,True,
Ezekiel,Ezekiel 12:2,ra'ah רָאָה [לִ/רְא֜וֹת]; ra'ah רָאָה [רָא֗וּ],"7200,7200",Ezekiel 12:7,nasa נָשָׂא [נָשָׂ֖אתִי],5375,5,3,False,,True,
Ezekiel,Ezekiel 12:3,ra'ah רָאָה [יִרְא֔וּ],7200,Ezekiel 12:6,nasa נָשָׂא [תִּשָּׂא֙],5375,3,3,False,,True,
Ezekiel,Ezekiel 12:3,ra'ah רָאָה [יִרְא֔וּ],7200,Ezekiel 12:7,nasa נָשָׂא [נָשָׂ֖אתִי],5375,4,3,False,,True,
Ezekiel,Ezekiel 12:6,ra'ah רָאָה [תִרְאֶ֖ה],7200,Ezekiel 12:6,nasa נָשָׂא [תִּשָּׂא֙],5375,0,1,False,,True,
Ezekiel,Ezekiel 12:6,ra'ah רָאָה [תִרְאֶ֖ה],7200,Ezekiel 12:7,nasa נָשָׂא [נָשָׂ֖אתִי],5375,1,2,False,,True,
Ezekiel,Ezekiel 12:12,ra'ah רָאָה [יִרְאֶ֥ה],7200,Ezekiel 12:7,nasa נָשָׂא [נָשָׂ֖אתִי],5375,5,3,False,,True,
Ezekiel,Ezekiel 12:12,ra'ah רָאָה [יִרְאֶ֥ה],7200,Ezekiel 12:12,nasa נָשָׂא [יִשָּׂא֙],5375,0,1,False,,True,
Ezekiel,Ezekiel 12:13,ra'ah רָאָה [יִרְאֶ֖ה],7200,Ezekiel 12:12,nasa נָשָׂא [יִשָּׂא֙],5375,1,2,False,,True,
Ezekiel,Ezekiel 12:12,ra'ah רָאָה [יִרְאֶ֥ה],7200,Ezekiel 12:13,taphas תָּפַשׂ [וְ/נִתְפַּ֖שׂ],8610,1,2,False,,False,
Ezekiel,Ezekiel 12:13,ra'ah רָאָה [יִרְאֶ֖ה],7200,Ezekiel 12:13,taphas תָּפַשׂ [וְ/נִתְפַּ֖שׂ],8610,0,1,False,,False,
Ezekiel,Ezekiel 13:23,chazah חָזָה [תֶחֱזֶ֔ינָה],2372,Ezekiel 14:5,taphas תָּפַשׂ [תְּפֹ֥שׂ],8610,5,3,False,,False,
Ezekiel,Ezekiel 14:22,ra'ah רָאָה [וּ/רְאִיתֶ֥ם],7200,Ezekiel 15:3,laqach לָקַח [הֲ/יֻקַּ֤ח]; laqach לָקַח [יִקְח֤וּ],"3947,3947",4,3,False,,False,
Ezekiel,Ezekiel 14:23,ra'ah רָאָה [תִרְא֥וּ],7200,Ezekiel 15:3,laqach לָקַח [הֲ/יֻקַּ֤ח]; laqach לָקַח [יִקְח֤וּ],"3947,3947",3,3,False,,False,
Ezekiel,Ezekiel 16:37,ra'ah רָאָה [וְ/רָא֖וּ],7200,Ezekiel 16:32,laqach לָקַח [תִּקַּ֖ח],3947,5,3,False,,False,
Ezekiel,Ezekiel 16:37,ra'ah רָאָה [וְ/רָא֖וּ],7200,Ezekiel 16:39,laqach לָקַח [וְ/לָקְח֖וּ],3947,2,2,False,,False,
Ezekiel,Ezekiel 16:50,ra'ah רָאָה [רָאִֽיתִי],7200,Ezekiel 16:52,nasa נָשָׂא [שְׂאִ֣י]; nasa נָשָׂא [וּ/שְׂאִ֣י],"5375,5375",2,2,False,,False,
Ezekiel,Ezekiel 16:50,ra'ah רָאָה [רָאִֽיתִי],7200,Ezekiel 16:54,nasa נָשָׂא [תִּשְׂאִ֣י],5375,4,3,False,,False,
Ezekiel,Ezekiel 18:14,ra'ah רָאָה [וַ/יַּ֕רְא]; ra'ah רָאָה [וַ/יִּרְאֶ֕ה],"7200,7200",Ezekiel 18:12,gazal גָּזַל [גָּזָ֔ל]; nasa נָשָׂא [נָשָׂ֣א],"1497,5375",2,2,False,,False,
Ezekiel,Ezekiel 18:14,ra'ah רָאָה [וַ/יַּ֕רְא]; ra'ah רָאָה [וַ/יִּרְאֶ֕ה],"7200,7200",Ezekiel 18:13,laqach לָקַח [לָקַ֖ח],3947,1,2,False,,False,
Ezekiel,Ezekiel 18:14,ra'ah רָאָה [וַ/יַּ֕רְא]; ra'ah רָאָה [וַ/יִּרְאֶ֕ה],"7200,7200",Ezekiel 18:15,nasa נָשָׂא [נָשָׂ֔א],5375,1,2,False,,True,
Ezekiel,Ezekiel 18:14,ra'ah רָאָה [וַ/יַּ֕רְא]; ra'ah רָאָה [וַ/יִּרְאֶ֕ה],"7200,7200",Ezekiel 18:16,gazal גָּזַל [גָזָ֑ל],1497,2,2,False,,False,
Ezekiel,Ezekiel 18:14,ra'ah רָאָה [וַ/יַּ֕רְא]; ra'ah רָאָה [וַ/יִּרְאֶ֕ה],"7200,7200",Ezekiel 18:17,laqach לָקַח [לָקָ֔ח],3947,3,3,False,,False,
Ezekiel,Ezekiel 18:14,ra'ah רָאָה [וַ/יַּ֕רְא]; ra'ah רָאָה [וַ/יִּרְאֶ֕ה],"7200,7200",Ezekiel 18:18,gazal גָּזַל [גָּזַל֙],1497,4,3,False,,False,
Ezekiel,Ezekiel 18:14,ra'ah רָאָה [וַ/יַּ֕רְא]; ra'ah רָאָה [וַ/יִּרְאֶ֕ה],"7200,7200",Ezekiel 18:19,nasa נָשָׂא [נָשָׂ֥א],5375,5,3,False,,False,
Ezekiel,Ezekiel 18:28,ra'ah רָאָה [וַ/יִּרְאֶ֣ה],7200,Ezekiel 19:1,nasa נָשָׂא [שָׂ֣א],5375,5,3,False,,False,
Ezekiel,Ezekiel 19:5,ra'ah רָאָה [וַ/תֵּ֨רֶא֙],7200,Ezekiel 19:1,nasa נָשָׂא [שָׂ֣א],5375,4,3,False,,False,
Ezekiel,Ezekiel 19:5,ra'ah רָאָה [וַ/תֵּ֨רֶא֙],7200,Ezekiel 19:4,taphas תָּפַשׂ [נִתְפָּ֑שׂ],8610,1,2,False,,False,
Ezekiel,Ezekiel 19:5,ra'ah רָאָה [וַ/תֵּ֨רֶא֙],7200,Ezekiel 19:5,laqach לָקַח [וַ/תִּקַּ֛ח],3947,0,1,False,,False,
Ezekiel,Ezekiel 19:5,ra'ah רָאָה [וַ/תֵּ֨רֶא֙],7200,Ezekiel 19:8,taphas תָּפַשׂ [נִתְפָּֽשׂ],8610,3,3,False,,False,
Ezekiel,Ezekiel 19:11,ra'ah רָאָה [וַ/יֵּרָ֣א],7200,Ezekiel 19:8,taphas תָּפַשׂ [נִתְפָּֽשׂ],8610,3,3,False,,False,
Ezekiel,Ezekiel 20:28,ra'ah רָאָה [וַ/יִּרְאוּ֩],7200,Ezekiel 20:23,nasa נָשָׂא [נָשָׂ֧אתִי],5375,5,3,False,,False,
Ezekiel,Ezekiel 20:28,ra'ah רָאָה [וַ/יִּרְאוּ֩],7200,Ezekiel 20:28,nasa נָשָׂא [נָשָׂ֨אתִי֙],5375,0,1,False,,False,
Ezekiel,Ezekiel 20:28,ra'ah רָאָה [וַ/יִּרְאוּ֩],7200,Ezekiel 20:31,nasa נָשָׂא [וּ/בִ/שְׂאֵ֣ת],5375,3,3,False,,False,
Ezekiel,Ezekiel 21:26,ra'ah רָאָה [רָאָ֖ה],7200,Ezekiel 21:28,taphas תָּפַשׂ [לְ/הִתָּפֵֽשׂ],8610,2,2,False,,False,
Ezekiel,Ezekiel 21:26,ra'ah רָאָה [רָאָ֖ה],7200,Ezekiel 21:29,taphas תָּפַשׂ [תִּתָּפֵֽשׂוּ],8610,3,3,False,,False,
Ezekiel,Ezekiel 21:29,ra'ah רָאָה [לְ/הֵֽרָאוֹת֙],7200,Ezekiel 21:28,taphas תָּפַשׂ [לְ/הִתָּפֵֽשׂ],8610,1,2,False,,False,
Ezekiel,Ezekiel 21:29,ra'ah רָאָה [לְ/הֵֽרָאוֹת֙],7200,Ezekiel 21:29,taphas תָּפַשׂ [תִּתָּפֵֽשׂוּ],8610,0,1,False,,False,
Ezekiel,Ezekiel 21:34,chazah חָזָה [בַּ/חֲז֥וֹת],2372,Ezekiel 21:29,taphas תָּפַשׂ [תִּתָּפֵֽשׂוּ],8610,5,3,False,,False,
Ezekiel,Ezekiel 23:11,ra'ah רָאָה [וַ/תֵּ֨רֶא֙],7200,Ezekiel 23:10,laqach לָקַח [לָקָ֔חוּ],3947,1,2,False,,False,
Ezekiel,Ezekiel 23:13,ra'ah רָאָה [וָ/אֵ֖רֶא],7200,Ezekiel 23:10,laqach לָקַח [לָקָ֔חוּ],3947,3,3,False,,False,
Ezekiel,Ezekiel 23:14,ra'ah רָאָה [וַ/תֵּ֗רֶא],7200,Ezekiel 23:10,laqach לָקַח [לָקָ֔חוּ],3947,4,3,False,,False,
Ezekiel,Ezekiel 28:17,ra'ah רָאָה [לְ/רַ֥אֲוָה],7200,Ezekiel 28:12,nasa נָשָׂא [שָׂ֥א],5375,5,3,False,,False,
Ezekiel,Ezekiel 32:31,ra'ah רָאָה [יִרְאֶ֣ה],7200,Ezekiel 32:30,nasa נָשָׂא [וַ/יִּשְׂא֥וּ],5375,1,2,False,,False,
Ezekiel,Ezekiel 33:2,tsaphah צָפָה [לְ/צֹפֶֽה],6822,Ezekiel 32:30,nasa נָשָׂא [וַ/יִּשְׂא֥וּ],5375,4,3,False,,False,
Ezekiel,Ezekiel 33:3,ra'ah רָאָה [וְ/רָאָ֥ה],7200,Ezekiel 32:30,nasa נָשָׂא [וַ/יִּשְׂא֥וּ],5375,5,3,False,,False,
Ezekiel,Ezekiel 32:31,ra'ah רָאָה [יִרְאֶ֣ה],7200,Ezekiel 33:2,laqach לָקַח [וְ/לָקְח֨וּ],3947,3,3,False,,False,
Ezekiel,Ezekiel 32:31,ra'ah רָאָה [יִרְאֶ֣ה],7200,Ezekiel 33:4,laqach לָקַח [וַ/תִּקָּחֵ֑/הוּ],3947,5,3,False,,False,
Ezekiel,Ezekiel 33:2,tsaphah צָפָה [לְ/צֹפֶֽה],6822,Ezekiel 33:2,laqach לָקַח [וְ/לָקְח֨וּ],3947,0,1,False,,False,
Ezekiel,Ezekiel 33:3,ra'ah רָאָה [וְ/רָאָ֥ה],7200,Ezekiel 33:2,laqach לָקַח [וְ/לָקְח֨וּ],3947,1,2,False,,False,
Ezekiel,Ezekiel 33:6,tsaphah צָפָה [וְ֠/הַ/צֹּפֶה]; ra'ah רָאָה [יִרְאֶ֨ה]; tsaphah צָפָה [הַ/צֹּפֶ֥ה],"6822,7200,6822",Ezekiel 33:2,laqach לָקַח [וְ/לָקְח֨וּ],3947,4,3,False,,False,
Ezekiel,Ezekiel 33:7,tsaphah צָפָה [צֹפֶ֥ה],6822,Ezekiel 33:2,laqach לָקַח [וְ/לָקְח֨וּ],3947,5,3,False,,False,
Ezekiel,Ezekiel 33:2,tsaphah צָפָה [לְ/צֹפֶֽה],6822,Ezekiel 33:4,laqach לָקַח [וַ/תִּקָּחֵ֑/הוּ],3947,2,2,False,,False,
Ezekiel,Ezekiel 33:2,tsaphah צָפָה [לְ/צֹפֶֽה],6822,Ezekiel 33:6,laqach לָקַח [וַ/תִּקַּ֥ח]; laqach לָקַח [נִלְקָ֔ח],"3947,3947",4,3,False,,False,
Ezekiel,Ezekiel 33:3,ra'ah רָאָה [וְ/רָאָ֥ה],7200,Ezekiel 33:4,laqach לָקַח [וַ/תִּקָּחֵ֑/הוּ],3947,1,2,False,,False,
Ezekiel,Ezekiel 33:3,ra'ah רָאָה [וְ/רָאָ֥ה],7200,Ezekiel 33:6,laqach לָקַח [וַ/תִּקַּ֥ח]; laqach לָקַח [נִלְקָ֔ח],"3947,3947",3,3,False,,False,
Ezekiel,Ezekiel 33:6,tsaphah צָפָה [וְ֠/הַ/צֹּפֶה]; ra'ah רָאָה [יִרְאֶ֨ה]; tsaphah צָפָה [הַ/צֹּפֶ֥ה],"6822,7200,6822",Ezekiel 33:4,laqach לָקַח [וַ/תִּקָּחֵ֑/הוּ],3947,2,2,False,,False,
Ezekiel,Ezekiel 33:7,tsaphah צָפָה [צֹפֶ֥ה],6822,Ezekiel 33:4,laqach לָקַח [וַ/תִּקָּחֵ֑/הוּ],3947,3,3,False,,False,
Ezekiel,Ezekiel 33:6,tsaphah צָפָה [וְ֠/הַ/צֹּפֶה]; ra'ah רָאָה [יִרְאֶ֨ה]; tsaphah צָפָה [הַ/צֹּפֶ֥ה],"6822,7200,6822",Ezekiel 33:6,laqach לָקַח [וַ/תִּקַּ֥ח]; laqach לָקַח [נִלְקָ֔ח],"3947,3947",0,1,False,,False,
Ezekiel,Ezekiel 33:7,tsaphah צָפָה [צֹפֶ֥ה],6822,Ezekiel 33:6,laqach לָקַח [וַ/תִּקַּ֥ח]; laqach לָקַח [נִלְקָ֔ח],"3947,3947",1,2,False,,False,
Ezekiel,Ezekiel 39:15,ra'ah רָאָה [וְ/רָאָה֙],7200,Ezekiel 39:10,nasa נָשָׂא [יִשְׂא֨וּ],5375,5,3,False,,False,
Ezekiel,Ezekiel 39:21,ra'ah רָאָה [וְ/רָא֣וּ],7200,Ezekiel 39:26,nasa נָשָׂא [וְ/נָשׂוּ֙],5375,5,3,False,,False,
Ezekiel,Ezekiel 41:8,ra'ah רָאָה [וְ/רָאִ֧יתִי],7200,Ezekiel 41:6,achaz אָחַז [אֲחוּזִ֑ים]; achaz אָחַז [אֲחוּזִ֖ים],"270,270",2,2,False,,False,
Ezekiel,Ezekiel 43:3,ra'ah רָאָה [רָאִ֗יתִי]; ra'ah רָאָה [רָאִ֨יתִי֙]; ra'ah רָאָה [רָאִ֖יתִי],"7200,7200,7200",Ezekiel 43:5,nasa נָשָׂא [וַ/תִּשָּׂאֵ֣/נִי],5375,2,2,False,,False,
Ezekiel,Ezekiel 44:5,ra'ah רָאָה [וּ/רְאֵ֨ה],7200,Ezekiel 44:10,nasa נָשָׂא [וְ/נָשְׂא֖וּ],5375,5,3,False,,False,
Daniel,Daniel 1:13,ra'ah רָאָה [וְ/יֵרָא֤וּ]; ra'ah רָאָה [תִּרְאֵ֔ה],"7200,7200",Daniel 1:16,nasa נָשָׂא [נֹשֵׂא֙],5375,3,3,False,,False,
Daniel,Daniel 1:15,ra'ah רָאָה [נִרְאָ֤ה],7200,Daniel 1:16,nasa נָשָׂא [נֹשֵׂא֙],5375,1,2,False,,False,
Daniel,Daniel 8:1,ra'ah רָאָה [נִרְאָ֤ה]; ra'ah רָאָה [הַ/נִּרְאָ֥ה],"7200,7200",Daniel 8:3,nasa נָשָׂא [וָ/אֶשָּׂ֤א],5375,2,2,False,,True,
Daniel,Daniel 8:2,ra'ah רָאָה [וָֽ/אֶרְאֶה֮]; ra'ah רָאָה [בִּ/רְאֹתִ֔/י]; ra'ah רָאָה [וָ/אֶרְאֶה֙],"7200,7200,7200",Daniel 8:3,nasa נָשָׂא [וָ/אֶשָּׂ֤א],5375,1,2,False,,True,
Daniel,Daniel 8:3,ra'ah רָאָה [וָ/אֶרְאֶ֔ה],7200,Daniel 8:3,nasa נָשָׂא [וָ/אֶשָּׂ֤א],5375,0,1,False,,True,
Daniel,Daniel 8:4,ra'ah רָאָה [רָאִ֣יתִי],7200,Daniel 8:3,nasa נָשָׂא [וָ/אֶשָּׂ֤א],5375,1,2,False,,True,
Daniel,Daniel 8:6,ra'ah רָאָה [רָאִ֔יתִי],7200,Daniel 8:3,nasa נָשָׂא [וָ/אֶשָּׂ֤א],5375,3,3,False,,True,
Daniel,Daniel 8:7,ra'ah רָאָה [וּ/רְאִיתִ֞י/ו],7200,Daniel 8:3,nasa נָשָׂא [וָ/אֶשָּׂ֤א],5375,4,3,False,,True,
Daniel,Daniel 10:5,ra'ah רָאָה [וָ/אֵ֔רֶא],7200,Daniel 10:5,nasa נָשָׂא [וָ/אֶשָּׂ֤א],5375,0,1,False,,True,
Daniel,Daniel 10:7,ra'ah רָאָה [וְ/רָאִיתִי֩]; ra'ah רָאָה [רָא֖וּ],"7200,7200",Daniel 10:5,nasa נָשָׂא [וָ/אֶשָּׂ֤א],5375,2,2,False,,True,
Daniel,Daniel 10:8,ra'ah רָאָה [וָֽ/אֶרְאֶ֗ה],7200,Daniel 10:5,nasa נָשָׂא [וָ/אֶשָּׂ֤א],5375,3,3,False,,True,
Hosea,Hosea 5:13,ra'ah רָאָה [וַ/יַּ֨רְא],7200,Hosea 5:14,nasa נָשָׂא [אֶשָּׂ֖א],5375,1,2,False,,False,
Hosea,Hosea 13:7,shur שׁוּר [אָשֽׁוּר],7789,Hosea 13:11,laqach לָקַח [וְ/אֶקַּ֖ח],3947,4,3,False,,False,
Amos,Amos 3:9,ra'ah רָאָה [וּ/רְא֞וּ],7200,Amos 3:4,lakad לָכַד [לָכָֽד],3920,5,3,False,,False,
Amos,Amos 3:9,ra'ah רָאָה [וּ/רְא֞וּ],7200,Amos 3:5,lakad לָכַד [וְ/לָכ֖וֹד]; lakad לָכַד [יִלְכּֽוֹד],"3920,3920",4,3,False,,False,
Amos,Amos 5:22,nabat נָבַט [אַבִּֽיט],5027,Amos 5:26,nasa נָשָׂא [וּ/נְשָׂאתֶ֗ם],5375,4,3,False,,False,
Amos,Amos 6:2,ra'ah רָאָה [וּ/רְא֔וּ],7200,Amos 5:26,nasa נָשָׂא [וּ/נְשָׂאתֶ֗ם],5375,3,3,False,,False,
Amos,Amos 7:1,ra'ah רָאָה [הִרְאַ֨/נִי֙],7200,Amos 6:10,nasa נָשָׂא [וּ/נְשָׂא֞/וֹ],5375,5,3,False,,False,
Amos,Amos 7:1,ra'ah רָאָה [הִרְאַ֨/נִי֙],7200,Amos 6:13,laqach לָקַח [לָקַ֥חְנוּ],3947,2,2,False,,False,
Amos,Amos 7:4,ra'ah רָאָה [הִרְאַ֨/נִי֙],7200,Amos 6:13,laqach לָקַח [לָקַ֥חְנוּ],3947,5,3,False,,False,
Amos,Amos 8:1,ra'ah רָאָה [הִרְאַ֖/נִי],7200,Amos 7:15,laqach לָקַח [וַ/יִּקָּחֵ֣/נִי],3947,3,3,False,,False,
Amos,Amos 8:2,ra'ah רָאָה [רֹאֶה֙],7200,Amos 7:15,laqach לָקַח [וַ/יִּקָּחֵ֣/נִי],3947,4,3,False,,False,
Amos,Amos 9:1,ra'ah רָאָה [רָאִ֨יתִי],7200,Amos 9:2,laqach לָקַח [תִקָּחֵ֑/ם],3947,1,2,False,,False,
Amos,Amos 9:1,ra'ah רָאָה [רָאִ֨יתִי],7200,Amos 9:3,laqach לָקַח [וּ/לְקַחְתִּ֑י/ם],3947,2,2,False,,False,
Jonah,Jonah 3:10,ra'ah רָאָה [וַ/יַּ֤רְא],7200,Jonah 4:3,laqach לָקַח [קַח],3947,3,3,False,,False,
Jonah,Jonah 4:5,ra'ah רָאָה [יִרְאֶ֔ה],7200,Jonah 4:3,laqach לָקַח [קַח],3947,2,2,False,,False,
Micah,Micah 7:4,tsaphah צָפָה [מְצַפֶּ֨י/ךָ֙],6822,Micah 6:16,nasa נָשָׂא [תִּשָּֽׂאוּ],5375,4,3,True,avah אָוָה (Micah 7:1),False,
Micah,Micah 7:4,tsaphah צָפָה [מְצַפֶּ֨י/ךָ֙],6822,Micah 7:9,nasa נָשָׂא [אֶשָּׂ֔א],5375,5,3,False,,False,
Micah,Micah 7:7,tsaphah צָפָה [אֲצַפֶּ֔ה],6822,Micah 7:9,nasa נָשָׂא [אֶשָּׂ֔א],5375,2,2,False,,False,
Micah,Micah 7:9,ra'ah רָאָה [אֶרְאֶ֖ה],7200,Micah 7:9,nasa נָשָׂא [אֶשָּׂ֔א],5375,0,1,False,,False,
Micah,Micah 7:10,ra'ah רָאָה [וְ/תֵרֶ֤א]; ra'ah רָאָה [תִּרְאֶ֣ינָּה],"7200,7200",Micah 7:9,nasa נָשָׂא [אֶשָּׂ֔א],5375,1,2,False,,False,
Micah,Micah 7:15,ra'ah רָאָה [אַרְאֶ֖/נּוּ],7200,Micah 7:18,nasa נָשָׂא [נֹשֵׂ֤א],5375,3,3,False,,False,
Micah,Micah 7:16,ra'ah רָאָה [יִרְא֤וּ],7200,Micah 7:18,nasa נָשָׂא [נֹשֵׂ֤א],5375,2,2,False,,False,
Habakkuk,Habakkuk 1:1,chazah חָזָה [חָזָ֔ה],2372,Habakkuk 1:3,nasa נָשָׂא [יִשָּֽׂא],5375,2,2,False,,False,
Habakkuk,Habakkuk 1:3,ra'ah רָאָה [תַרְאֵ֤/נִי]; nabat נָבַט [תַּבִּ֔יט],"7200,5027",Habakkuk 1:3,nasa נָשָׂא [יִשָּֽׂא],5375,0,1,False,,False,
Habakkuk,Habakkuk 1:5,ra'ah רָאָה [רְא֤וּ]; nabat נָבַט [וְֽ/הַבִּ֔יטוּ],"7200,5027",Habakkuk 1:3,nasa נָשָׂא [יִשָּֽׂא],5375,2,2,False,,False,
Habakkuk,Habakkuk 1:5,ra'ah רָאָה [רְא֤וּ]; nabat נָבַט [וְֽ/הַבִּ֔יטוּ],"7200,5027",Habakkuk 1:10,lakad לָכַד [וַֽ/יִּלְכְּדָֽ/הּ],3920,5,3,False,,False,
Habakkuk,Habakkuk 1:13,ra'ah רָאָה [מֵ/רְא֣וֹת]; nabat נָבַט [וְ/הַבִּ֥יט]; nabat נָבַט [תַבִּיט֙],"7200,5027,5027",Habakkuk 1:10,lakad לָכַד [וַֽ/יִּלְכְּדָֽ/הּ],3920,3,3,False,,False,
Habakkuk,Habakkuk 2:1,tsaphah צָפָה [וַ/אֲצַפֶּ֗ה]; ra'ah רָאָה [לִ/רְאוֹת֙],"6822,7200",Habakkuk 2:6,nasa נָשָׂא [יִשָּׂ֔אוּ],5375,5,3,False,,False,
Habakkuk,Habakkuk 2:15,nabat נָבַט [הַבִּ֖יט],5027,Habakkuk 2:19,taphas תָּפַשׂ [תָּפוּשׂ֙],8610,4,3,False,,False,
Habakkuk,Habakkuk 3:6,ra'ah רָאָה [רָאָה֙],7200,Habakkuk 3:10,nasa נָשָׂא [נָשָֽׂא],5375,4,3,False,,False,
Habakkuk,Habakkuk 3:7,ra'ah רָאָה [רָאִ֖יתִי],7200,Habakkuk 3:10,nasa נָשָׂא [נָשָֽׂא],5375,3,3,False,,False,
Habakkuk,Habakkuk 3:10,ra'ah רָאָה [רָא֤וּ/ךָ],7200,Habakkuk 3:10,nasa נָשָׂא [נָשָֽׂא],5375,0,1,False,,False,
Zechariah,Zechariah 2:1,ra'ah רָאָה [וָ/אֵ֑רֶא],7200,Zechariah 2:1,nasa נָשָׂא [וָ/אֶשָּׂ֥א],5375,0,1,False,,True,
Zechariah,Zechariah 2:3,ra'ah רָאָה [וַ/יַּרְאֵ֣/נִי],7200,Zechariah 2:1,nasa נָשָׂא [וָ/אֶשָּׂ֥א],5375,2,2,False,,True,
Zechariah,Zechariah 2:5,ra'ah רָאָה [וָ/אֵ֖רֶא],7200,Zechariah 2:1,nasa נָשָׂא [וָ/אֶשָּׂ֥א],5375,4,3,False,,True,
Zechariah,Zechariah 2:6,ra'ah רָאָה [לִ/רְא֥וֹת],7200,Zechariah 2:1,nasa נָשָׂא [וָ/אֶשָּׂ֥א],5375,5,3,False,,True,
Zechariah,Zechariah 2:1,ra'ah רָאָה [וָ/אֵ֑רֶא],7200,Zechariah 2:4,nasa נָשָׂא [נָשָׂ֣א]; nasa נָשָׂא [הַ/נֹּשְׂאִ֥ים],"5375,5375",3,3,False,,False,
Zechariah,Zechariah 2:1,ra'ah רָאָה [וָ/אֵ֑רֶא],7200,Zechariah 2:5,nasa נָשָׂא [וָ/אֶשָּׂ֥א],5375,4,3,False,,True,
Zechariah,Zechariah 2:3,ra'ah רָאָה [וַ/יַּרְאֵ֣/נִי],7200,Zechariah 2:4,nasa נָשָׂא [נָשָׂ֣א]; nasa נָשָׂא [הַ/נֹּשְׂאִ֥ים],"5375,5375",1,2,False,,False,
Zechariah,Zechariah 2:3,ra'ah רָאָה [וַ/יַּרְאֵ֣/נִי],7200,Zechariah 2:5,nasa נָשָׂא [וָ/אֶשָּׂ֥א],5375,2,2,False,,True,
Zechariah,Zechariah 2:5,ra'ah רָאָה [וָ/אֵ֖רֶא],7200,Zechariah 2:4,nasa נָשָׂא [נָשָׂ֣א]; nasa נָשָׂא [הַ/נֹּשְׂאִ֥ים],"5375,5375",1,2,False,,False,
Zechariah,Zechariah 2:6,ra'ah רָאָה [לִ/רְא֥וֹת],7200,Zechariah 2:4,nasa נָשָׂא [נָשָׂ֣א]; nasa נָשָׂא [הַ/נֹּשְׂאִ֥ים],"5375,5375",2,2,False,,False,
Zechariah,Zechariah 2:5,ra'ah רָאָה [וָ/אֵ֖רֶא],7200,Zechariah 2:5,nasa נָשָׂא [וָ/אֶשָּׂ֥א],5375,0,1,False,,True,
Zechariah,Zechariah 2:6,ra'ah רָאָה [לִ/רְא֥וֹת],7200,Zechariah 2:5,nasa נָשָׂא [וָ/אֶשָּׂ֥א],5375,1,2,False,,True,
Zechariah,Zechariah 4:10,ra'ah רָאָה [וְ/רָא֞וּ],7200,Zechariah 5:1,nasa נָשָׂא [וָ/אֶשָּׂ֥א],5375,5,3,False,,True,
Zechariah,Zechariah 5:1,ra'ah רָאָה [וָֽ/אֶרְאֶ֑ה],7200,Zechariah 5:1,nasa נָשָׂא [וָ/אֶשָּׂ֥א],5375,0,1,False,,True,
Zechariah,Zechariah 5:2,ra'ah רָאָה [רֹאֶ֑ה]; ra'ah רָאָה [רֹאֶה֙],"7200,7200",Zechariah 5:1,nasa נָשָׂא [וָ/אֶשָּׂ֥א],5375,1,2,False,,True,
Zechariah,Zechariah 5:5,ra'ah רָאָה [וּ/רְאֵ֔ה],7200,Zechariah 5:1,nasa נָשָׂא [וָ/אֶשָּׂ֥א],5375,4,3,False,,True,
Zechariah,Zechariah 5:1,ra'ah רָאָה [וָֽ/אֶרְאֶ֑ה],7200,Zechariah 5:5,nasa נָשָׂא [שָׂ֣א],5375,4,3,False,,True,
Zechariah,Zechariah 5:2,ra'ah רָאָה [רֹאֶ֑ה]; ra'ah רָאָה [רֹאֶה֙],"7200,7200",Zechariah 5:5,nasa נָשָׂא [שָׂ֣א],5375,3,3,False,,True,
Zechariah,Zechariah 5:2,ra'ah רָאָה [רֹאֶ֑ה]; ra'ah רָאָה [רֹאֶה֙],"7200,7200",Zechariah 5:7,nasa נָשָׂא [נִשֵּׂ֑את],5375,5,3,False,,False,
Zechariah,Zechariah 5:5,ra'ah רָאָה [וּ/רְאֵ֔ה],7200,Zechariah 5:5,nasa נָשָׂא [שָׂ֣א],5375,0,1,False,,True,
Zechariah,Zechariah 5:9,ra'ah רָאָה [וָ/אֵ֗רֶא],7200,Zechariah 5:5,nasa נָשָׂא [שָׂ֣א],5375,4,3,False,,True,
Zechariah,Zechariah 5:5,ra'ah רָאָה [וּ/רְאֵ֔ה],7200,Zechariah 5:7,nasa נָשָׂא [נִשֵּׂ֑את],5375,2,2,False,,False,
Zechariah,Zechariah 5:5,ra'ah רָאָה [וּ/רְאֵ֔ה],7200,Zechariah 5:9,nasa נָשָׂא [וָ/אֶשָּׂ֨א]; nasa נָשָׂא [וַ/תִּשֶּׂ֨אנָה֙],"5375,5375",4,3,False,,True,
Zechariah,Zechariah 5:9,ra'ah רָאָה [וָ/אֵ֗רֶא],7200,Zechariah 5:7,nasa נָשָׂא [נִשֵּׂ֑את],5375,2,2,False,,False,
Zechariah,Zechariah 6:1,ra'ah רָאָה [וָֽ/אֶרְאֶ֔ה],7200,Zechariah 5:7,nasa נָשָׂא [נִשֵּׂ֑את],5375,5,3,False,,False,
Zechariah,Zechariah 5:9,ra'ah רָאָה [וָ/אֵ֗רֶא],7200,Zechariah 5:9,nasa נָשָׂא [וָ/אֶשָּׂ֨א]; nasa נָשָׂא [וַ/תִּשֶּׂ֨אנָה֙],"5375,5375",0,1,False,,True,
Zechariah,Zechariah 6:1,ra'ah רָאָה [וָֽ/אֶרְאֶ֔ה],7200,Zechariah 5:9,nasa נָשָׂא [וָ/אֶשָּׂ֨א]; nasa נָשָׂא [וַ/תִּשֶּׂ֨אנָה֙],"5375,5375",3,3,False,,True,
Zechariah,Zechariah 5:9,ra'ah רָאָה [וָ/אֵ֗רֶא],7200,Zechariah 6:1,nasa נָשָׂא [וָ/אֶשָּׂ֤א],5375,3,3,False,,True,
Zechariah,Zechariah 6:1,ra'ah רָאָה [וָֽ/אֶרְאֶ֔ה],7200,Zechariah 6:1,nasa נָשָׂא [וָ/אֶשָּׂ֤א],5375,0,1,False,,True,
Zechariah,Zechariah 6:8,ra'ah רָאָה [רְאֵ֗ה],7200,Zechariah 6:10,laqach לָקַח [לָק֨וֹחַ֙],3947,2,2,False,,False,
Zechariah,Zechariah 6:8,ra'ah רָאָה [רְאֵ֗ה],7200,Zechariah 6:11,laqach לָקַח [וְ/לָקַחְתָּ֥],3947,3,3,False,,False,
Zechariah,Zechariah 6:8,ra'ah רָאָה [רְאֵ֗ה],7200,Zechariah 6:13,nasa נָשָׂא [יִשָּׂ֣א],5375,5,3,False,,False,
Malachi,Malachi 1:5,ra'ah רָאָה [תִּרְאֶ֑ינָה],7200,Malachi 1:8,nasa נָשָׂא [הֲ/יִשָּׂ֣א],5375,3,3,False,,False,
Malachi,Malachi 1:5,ra'ah רָאָה [תִּרְאֶ֑ינָה],7200,Malachi 1:9,nasa נָשָׂא [הֲ/יִשָּׂ֤א],5375,4,3,False,,False,
